ID,English name,Description,Size X mm,Size Y mm,Size Z mm,Source objects
cover,Graphite upper cover,Protects the electronics and carries the roof interface.,136.0,140.0,62.5,COVER one large cap with roof ReSpeaker screw mounts
base,Graphite bottom shell,The separate lower enclosure and mounting foundation.,136.0,140.0,9.2,BASE separate open washable pan
case_screws,Four enclosure screws,Secure the upper cover to the bottom shell.,121.5,95.9,14.4,Hidden bottom case screw head | Bottom case M3x12 screw | Hidden bottom case screw head.001 | Bottom case M3x12 screw.001 | Hidden bottom case screw head.002 | Bottom case M3x12 screw.002 | Hidden bottom case screw head.003 | Bottom case M3x12 screw.003
halo,Transparent light ring,The flush optical ring sits on the widened bearing seat.,86.0,86.0,4.6,HALO printable translucent ring
microphones,ReSpeaker XVF3800,Roof-mounted microphone array and USB audio interface.,101.812,106.607,11.495,RESPEAKER | PLUG_RESPEAKER_SPK | PLUG_RESPEAKER | MIC_SEAL_4 | MIC_SEAL_3 | MIC_SEAL_2 | MIC_SEAL_1 | MIC_SCREW_3 | MIC_SCREW_2 | MIC_SCREW_1
eyes,Dual touch displays,The front display assembly connects through UART.,93.5,8.605,36.5,ESP32_EYES
speaker,XFDZ-3727 speaker,The front speaker reproduces audio from ReSpeaker.,50.0,27.4,9.0,SPEAKER_3727
camera,Arducam B0310,The front camera connects to the host through CSI.,25.0,19.078,26.095,CAMERA_B0310
tof,VL53L8CX ToF carrier,The front optical module is intended for depth sensing.,33.5,12.74,12.1,VL53L8CX red carrier with two fixing ears | VL53L8CX plated signal pad | VL53L8CX plated signal pad.001 | VL53L8CX plated signal pad.002 | VL53L8CX plated signal pad.003 | VL53L8CX plated signal pad.004 | VL53L8CX plated signal pad.005 | VL53L8CX plated signal pad.006 | VL53L8CX plated signal pad.007 | VL53L8CX plated signal pad.008 | VL53L8CX sensor 6.4x3x1.75 | VL53L8CX emitter receiver | VL53L8CX emitter receiver.001 | VL53L8CX supplied optical cap | VL53L8CX rear component envelope | VL53L8CX rear component envelope.001 | VL53L8CX rear component envelope.002 | VL53L8CX supplied straight header insulator | VL53L8CX straight header pin | VL53L8CX straight header pin.001 | VL53L8CX straight header pin.002 | VL53L8CX straight header pin.003 | VL53L8CX straight header pin.004 | VL53L8CX straight header pin.005 | VL53L8CX straight header pin.006 | VL53L8CX straight header pin.007 | VL53L8CX straight header pin.008 | VL53L8CX front M2 ear screw head | VL53L8CX front M2 ear screw head.001
radar_left,Left Rd-03E radar,A separate radar module faces the left side.,5.1,28.0,29.0,左 original Rd-03E wired radar | 左 optional Bent header solder leg | 左 optional Bent header vertical leg | 左 optional Bent header solder leg.001 | 左 optional Bent header vertical leg.001 | 左 optional Bent header solder leg.002 | 左 optional Bent header vertical leg.002 | 左 optional Bent header solder leg.003 | 左 optional Bent header vertical leg.003 | 左 optional Bent header solder leg.004 | 左 optional Bent header vertical leg.004 | 左 optional Bent header insulating body
radar_right,Right Rd-03E radar,A separate radar module faces the right side.,5.1,28.0,29.0,右 original Rd-03E wired radar | 右 optional Bent header solder leg | 右 optional Bent header vertical leg | 右 optional Bent header solder leg.001 | 右 optional Bent header vertical leg.001 | 右 optional Bent header solder leg.002 | 右 optional Bent header vertical leg.002 | 右 optional Bent header solder leg.003 | 右 optional Bent header vertical leg.003 | 右 optional Bent header solder leg.004 | 右 optional Bent header vertical leg.004 | 右 optional Bent header insulating body
radar_rear,Rear Rd-03E radar,The third radar module faces the rear.,28.0,5.1,29.0,后 original Rd-03E wired radar | 后 optional Bent header solder leg | 后 optional Bent header vertical leg | 后 optional Bent header solder leg.001 | 后 optional Bent header vertical leg.001 | 后 optional Bent header solder leg.002 | 后 optional Bent header vertical leg.002 | 后 optional Bent header solder leg.003 | 后 optional Bent header vertical leg.003 | 后 optional Bent header solder leg.004 | 后 optional Bent header vertical leg.004 | 后 optional Bent header insulating body
imu,Grove LSM6DS3 IMU,The six-axis inertial module measures motion.,20.0,12.6,23.833,IMU Grove惯性传感器
compass,QMC5883L compass,The horizontal compass module senses magnetic heading.,23.6,39.2,11.0,COMPASS HS-S75-L horizontal PCB 33x23 | COMPASS QMC5883L sensor | COMPASS regulator | COMPASS capacitor | COMPASS power LED | COMPASS resistor bank | COMPASS resistor bank.001 | COMPASS rear-facing PH2.0 4P socket | COMPASS PH2.0 mating plug | COMPASS nylon M3 washer | COMPASS nylon M3x6 screw nominal envelope | COMPASS nylon M3 washer.001 | COMPASS nylon M3x6 screw nominal envelope.001
host,Radxa ZERO 3W,The main Linux computer handles host applications.,31.506,65.015,18.294,ZERO M2 support fastener.001 | ZERO M2 support fastener | RADXA_H1 | POST_ZERO_UNDERSIDE_1 | POST_ZERO_UNDERSIDE_0 | FASTENER_ZERO_BOTTOM_1 | FASTENER_ZERO_BOTTOM_0 | COOLER
s3,XIAO ESP32S3 Plus,A microcontroller provides peripheral coordination.,17.78,22.643,13.2,XIAO_PLUS
rp,XIAO RP2350,A microcontroller handles power and control logic.,17.78,23.086,13.2,XIAO_RP2350
oled,SSD1306 status OLED,A small internal display is available for status output.,27.96,27.178,10.334,OLED nominal screen glass | OLED nominal PCB 27.178 x 27.94 | OLED male header insulator 4 | OLED male header insulator 3 | OLED male header insulator 2 | OLED male header insulator 1 | OLED illustrative male contact 4 | OLED illustrative male contact 3 | OLED illustrative male contact 2 | OLED illustrative male contact 1
hat,Servo Driver HAT (B),The board is retained as an expansion interface.,38.559,65.022,18.7,HAT aligned with current J33
mux_a,UART multiplexer A,Routes one group of serial connections.,20.28,15.24,11.75,UART_MUX_A
mux_b,UART multiplexer B,Routes a second group of serial connections.,20.28,15.24,11.75,UART_MUX_B
relay_1,M1 host-power relay,Switches the host-side power domain.,8.55,29.4,6.8,M1 relay case illustrative | M1 PCB nominal outline | M1 module terminal land.005 | M1 module terminal land.004 | M1 module terminal land.003 | M1 module terminal land.002 | M1 module terminal land.001 | M1 module terminal land | M1 drive circuit illustration.002 | M1 drive circuit illustration.001 | M1 drive circuit illustration
relay_2,M2 radar-power relay,Switches the radar power domain.,8.55,29.4,6.8,M2 relay case illustrative | M2 PCB nominal outline | M2 module terminal land.005 | M2 module terminal land.004 | M2 module terminal land.003 | M2 module terminal land.002 | M2 module terminal land.001 | M2 module terminal land | M2 drive circuit illustration.002 | M2 drive circuit illustration.001 | M2 drive circuit illustration
relay_16,M16 main-hold relay,Maintains the existing main-power holding path.,29.4,8.55,6.8,M16 relay case illustrative | M16 PCB nominal outline | M16 module terminal land.005 | M16 module terminal land.004 | M16 module terminal land.003 | M16 module terminal land.002 | M16 module terminal land.001 | M16 module terminal land | M16 drive circuit illustration.002 | M16 drive circuit illustration.001 | M16 drive circuit illustration
relay_17,M17 retained relay,Its previous ToF power output is currently unused.,29.4,8.55,6.8,M17 relay case illustrative | M17 PCB nominal outline | M17 module terminal land.005 | M17 module terminal land.004 | M17 module terminal land.003 | M17 module terminal land.002 | M17 module terminal land.001 | M17 module terminal land | M17 drive circuit illustration.002 | M17 drive circuit illustration.001 | M17 drive circuit illustration
relay_driver,M15 relay interface,Interfaces the control electronics to the relay bank.,15.2,13.36,2.1,M15 nominal board outline | M15 module terminal land.011 | M15 module terminal land.010 | M15 module terminal land.009 | M15 module terminal land.008 | M15 module terminal land.007 | M15 module terminal land.006 | M15 module terminal land.005 | M15 module terminal land.004 | M15 module terminal land.003 | M15 module terminal land.002 | M15 module terminal land.001 | M15 module terminal land | M15 assembled channel illustration.003 | M15 assembled channel illustration.002 | M15 assembled channel illustration.001 | M15 assembled channel illustration
iso_20,M20 serial interface,A board-level serial isolation module.,10.1,21.0,3.5,M20 SOIC8 | M20 short solder contact.007 | M20 short solder contact.006 | M20 short solder contact.005 | M20 short solder contact.004 | M20 short solder contact.003 | M20 short solder contact.002 | M20 short solder contact.001 | M20 short solder contact | M20 IC lead.007 | M20 IC lead.006 | M20 IC lead.005 | M20 IC lead.004 | M20 IC lead.003 | M20 IC lead.002 | M20 IC lead.001 | M20 IC lead | M20 complete module PCB
iso_21,M21 display interface,Provides the display-side serial interface.,10.1,21.0,3.5,M21 SOIC8 | M21 short solder contact.007 | M21 short solder contact.006 | M21 short solder contact.005 | M21 short solder contact.004 | M21 short solder contact.003 | M21 short solder contact.002 | M21 short solder contact.001 | M21 short solder contact | M21 IC lead.007 | M21 IC lead.006 | M21 IC lead.005 | M21 IC lead.004 | M21 IC lead.003 | M21 IC lead.002 | M21 IC lead.001 | M21 IC lead | M21 complete module PCB
iso_22,M22 retained interface,The legacy serial interface is retained but unused.,10.1,21.0,3.5,M22 SOIC8 | M22 short solder contact.007 | M22 short solder contact.006 | M22 short solder contact.005 | M22 short solder contact.004 | M22 short solder contact.003 | M22 short solder contact.002 | M22 short solder contact.001 | M22 short solder contact | M22 IC lead.007 | M22 IC lead.006 | M22 IC lead.005 | M22 IC lead.004 | M22 IC lead.003 | M22 IC lead.002 | M22 IC lead.001 | M22 IC lead | M22 complete module PCB
fan_driver,M42 fan interface,The board-level interface carries the fan control signal.,12.7,10.16,2.85,M42 short solder contact.009 | M42 short solder contact.008 | M42 short solder contact.007 | M42 short solder contact.006 | M42 short solder contact.005 | M42 short solder contact.004 | M42 short solder contact.003 | M42 short solder contact.002 | M42 short solder contact.001 | M42 short solder contact | M42 driver envelope | M42 complete module PCB
ups,UPS Module 3S + battery,"The UPS board, holder and cells form one power assembly.",60.3,93.0,25.3,UPS with existing battery holder and cells
dc,DC-022B input socket,The rear DC socket feeds the UPS charging input.,11.258,18.0,13.0,DC-022B panel jack | DC nut visual envelope | DC centre contact | DC terminals exposed inwards | DC terminals exposed inwards.001 | DC removable bonded spacer
button,Rear power-button assembly,"Cap, pusher and provisional switch mounting hardware.",16.5,16.35,14.5,Purchased long-press PCB | Tactile switch envelope | Tactile actuator | Switch back electronics allowance | INTERNAL power button keyed pusher | Power pusher bonded M3 insert envelope | CENTRED long-press button | Power cap removable M3x8 bolt
fan,5010 four-wire blower,The selected 5 V blower has PWM control and FG feedback.,50.0,11.0,53.8,FAN_DOWN_ADAPTER | FAN_5010
wires,Power and data harnesses,"Power, UART, I2C, USB, audio and CSI connections.",120.355,125.951,55.772,H01-01 J1.1 to UPS P4.2 REG5V | H01-02 J1.2 to UPS P4.1 GND | H02-01 J3.1 to UPS H1 SCL | H02-02 J3.2 to UPS H2 SDA | H02-03 J3.4 to UPS H5 GND | H03-01 J44.1 to UPS P2.2 SW_A | H03-02 J44.2 to UPS P2.1 SW_B | H04-01 +DC_12V6_IN SOURCE to UPS P1.2 INPUT+ | H04-02 GND SOURCE to UPS P1.1 INPUT- | H05-01 VI- SOURCE to UNCONNECTED VI- staging | H05-02 VI+ SOURCE to UNCONNECTED VI+ staging | H05-03 VO- SOURCE to UNCONNECTED VO- staging | H05-04 VO+ SOURCE to UNCONNECTED VO+ staging | H06-01 J15.1 to LCD1 P2.10 TX | H06-02 J15.2 to LCD1 P2.9 RX | H06-03 J15.3 to LCD1 P2.1 5V | H06-04 J15.4 to LCD1 P2.2 GND | H07-01 J53.1 to LCD1 P2.5 3V3 OUT | H07-02 J53.2 to LCD1 P2.6 GND | H08-01 J12.1 to LEFT Rd03E.3 TX | H08-02 J12.2 to LEFT Rd03E.4 RX | H08-03 J12.3 to LEFT Rd03E.1 5V | H08-04 J12.4 to LEFT Rd03E.2 GND | H09-01 J13.1 to RIGHT Rd03E.3 TX | H09-02 J13.2 to RIGHT Rd03E.4 RX | H09-03 J13.3 to RIGHT Rd03E.1 5V | H09-04 J13.4 to RIGHT Rd03E.2 GND | H10-01 J14.1 to REAR Rd03E.3 TX | H10-02 J14.2 to REAR Rd03E.4 RX | H10-03 J14.3 to REAR Rd03E.1 5V | H10-04 J14.4 to REAR Rd03E.2 GND | H11-01 J17.1 to IMU J4.1 SCL | H11-02 J17.2 to IMU J4.2 SDA | H11-03 J17.3 to IMU J4.3 VCC | H11-04 J17.4 to IMU J4.4 GND | H12-01 J34.1 to COMPASS CN1.4 SCL | H12-02 J34.2 to COMPASS CN1.3 SDA | H12-03 J34.3 to COMPASS CN1.2 V | H12-04 J34.4 to COMPASS CN1.1 G | H13A-01 J37.1 to ToF P6 SCL candidate | H13A-02 J37.2 to ToF P7 SDA candidate | H13B-01 J37.3 to ToF P9 VIN candidate | H13B-02 J37.4 to ToF P8 GND candidate | H14-01 J2.1 to FAN B3 pin1 GND black | H14-02 J2.2 to FAN B3 pin2 +5V yellow | H14-03 J2.3 to FAN B3 pin3 FG green | H14-04 J2.4 to FAN B3 pin4 PWM blue | H15-01 USB_VBUS SOURCE to XVF3800 USB VBUS | H15-02 USB_DM SOURCE to XVF3800 USB D- | H15-03 USB_DP SOURCE to XVF3800 USB D+ | H15-04 USB_GND SOURCE to XVF3800 USB GND | H16-01 SPK+ SOURCE to SPEAKER + | H16-02 SPK- SOURCE to SPEAKER - | H17-01 CSI_FFC SOURCE to B0310 CSI FFC
motherboard,Custom carrier PCB,"The board carries connectors, copper routing and interfaces.",103.65,93.0,22.2,UPS4 upper screw | UPS4 upper M2.5 head | UPS4 motherboard washer | UPS4 lower insulating washer | UPS4 6mm brass spacer | UPS3 upper screw | UPS3 upper M2.5 head | UPS3 motherboard washer | UPS3 lower screw | UPS3 lower M2.5 head | UPS3 lower insulating washer | UPS3 6mm brass spacer | UPS2 upper screw | UPS2 upper M2.5 head | UPS2 motherboard washer | UPS2 lower insulating washer | UPS2 6mm brass spacer | UPS1 upper screw | UPS1 upper M2.5 head | UPS1 motherboard washer | UPS1 lower screw | UPS1 lower M2.5 head | UPS1 lower insulating washer | UPS1 6mm brass spacer | SSW-120-01-G-D dimensioned socket body | SSW-120-01-G-D contacts and solder tails | SOCKET_XIAO_RP2350 | SOCKET_XIAO_PLUS | SOCKET_UART_MUX_B | SOCKET_UART_MUX_A | Module assembly - routing copper not shown | MH_ZERO:2 top exposed copper | MH_ZERO:2 plated hole wall | MH_ZERO:2 bottom exposed copper | MH_ZERO:1 top exposed copper | MH_ZERO:1 plated hole wall | MH_ZERO:1 bottom exposed copper | MH_UPS4 top exposed copper | MH_UPS4 plated hole wall | MH_UPS4 coaxial upper stud | MH_UPS4 bottom exposed copper | MH_UPS3 top exposed copper | MH_UPS3 plated hole wall | MH_UPS3 bottom exposed copper | MH_UPS2 top exposed copper | MH_UPS2 plated hole wall | MH_UPS2 coaxial upper stud | MH_UPS2 bottom exposed copper | MH_UPS1 top exposed copper | MH_UPS1 plated hole wall | MH_UPS1 bottom exposed copper | M42 carrier land.009 | M42 carrier land.008 | M42 carrier land.007 | M42 carrier land.006 | M42 carrier land.005 | M42 carrier land.004 | M42 carrier land.003 | M42 carrier land.002 | M42 carrier land.001 | M42 carrier land | M22 carrier land.007 | M22 carrier land.006 | M22 carrier land.005 | M22 carrier land.004 | M22 carrier land.003 | M22 carrier land.002 | M22 carrier land.001 | M22 carrier land | M21 carrier land.007 | M21 carrier land.006 | M21 carrier land.005 | M21 carrier land.004 | M21 carrier land.003 | M21 carrier land.002 | M21 carrier land.001 | M21 carrier land | M20 carrier land.007 | M20 carrier land.006 | M20 carrier land.005 | M20 carrier land.004 | M20 carrier land.003 | M20 carrier land.002 | M20 carrier land.001 | M20 carrier land | JP1 S3 shunt | JP1 RP shunt | JP1 header pins | JP1 connector envelope | J53 reference contact.001 | J53 reference contact | J53 eyes reference housing | J52 SMT termination.023 | J52 SMT termination.022 | J52 SMT termination.021 | J52 SMT termination.020 | J52 SMT termination.019 | J52 SMT termination.018 | J52 SMT termination.017 | J52 SMT termination.016 | J52 SMT termination.015 | J52 SMT termination.014 | J52 SMT termination.013 | J52 SMT termination.012 | J52 SMT termination.011 | J52 SMT termination.010 | J52 SMT termination.009 | J52 SMT termination.008 | J52 SMT termination.007 | J52 SMT termination.006 | J52 SMT termination.005 | J52 SMT termination.004 | J52 SMT termination.003 | J52 SMT termination.002 | J52 SMT termination.001 | J52 SMT termination | J52 mating contact.023 | J52 mating contact.022 | J52 mating contact.021 | J52 mating contact.020 | J52 mating contact.019 | J52 mating contact.018 | J52 mating contact.017 | J52 mating contact.016 | J52 mating contact.015 | J52 mating contact.014 | J52 mating contact.013 | J52 mating contact.012 | J52 mating contact.011 | J52 mating contact.010 | J52 mating contact.009 | J52 mating contact.008 | J52 mating contact.007 | J52 mating contact.006 | J52 mating contact.005 | J52 mating contact.004 | J52 mating contact.003 | J52 mating contact.002 | J52 mating contact.001 | J52 mating contact | J52 Harwin 24P housing | J51 XH right wall | J51 XH rear wall | J51 XH left wall | J51 XH front right | J51 XH front left | J51 XH front center | J51 XH contact.001 | J51 XH contact | J51 XH base | J50 SMT termination.023 | J50 SMT termination.022 | J50 SMT termination.021 | J50 SMT termination.020 | J50 SMT termination.019 | J50 SMT termination.018 | J50 SMT termination.017 | J50 SMT termination.016 | J50 SMT termination.015 | J50 SMT termination.014 | J50 SMT termination.013 | J50 SMT termination.012 | J50 SMT termination.011 | J50 SMT termination.010 | J50 SMT termination.009 | J50 SMT termination.008 | J50 SMT termination.007 | J50 SMT termination.006 | J50 SMT termination.005 | J50 SMT termination.004 | J50 SMT termination.003 | J50 SMT termination.002 | J50 SMT termination.001 | J50 SMT termination | J50 mating contact.023 | J50 mating contact.022 | J50 mating contact.021 | J50 mating contact.020 | J50 mating contact.019 | J50 mating contact.018 | J50 mating contact.017 | J50 mating contact.016 | J50 mating contact.015 | J50 mating contact.014 | J50 mating contact.013 | J50 mating contact.012 | J50 mating contact.011 | J50 mating contact.010 | J50 mating contact.009 | J50 mating contact.008 | J50 mating contact.007 | J50 mating contact.006 | J50 mating contact.005 | J50 mating contact.004 | J50 mating contact.003 | J50 mating contact.002 | J50 mating contact.001 | J50 mating contact | J50 Harwin 24P housing | J47 keyed Grove receptacle | J47 contacts and3mm solder tails | J46 keyed Grove receptacle | J46 contacts and3mm solder tails | J44 XH right wall | J44 XH rear wall | J44 XH left wall | J44 XH front right | J44 XH front left | J44 XH front center | J44 XH contact.001 | J44 XH contact | J44 XH base | J42 XH right wall | J42 XH rear wall | J42 XH left wall | J42 XH front right | J42 XH front left | J42 XH front center | J42 XH contact.001 | J42 XH contact | J42 XH base | J41 keyed Grove receptacle | J41 contacts and3mm solder tails | J40 keyed Grove receptacle | J40 contacts and3mm solder tails | J39 keyed Grove receptacle | J39 contacts and3mm solder tails | J38 keyed Grove receptacle | J38 contacts and3mm solder tails | J37 keyed Grove receptacle | J37 contacts and3mm solder tails | J36 keyed Grove receptacle | J36 contacts and3mm solder tails | J35 solder tail 4 | J35 solder tail 3 | J35 solder tail 2 | J35 solder tail 1 | J35 socket entry rim.015 | J35 socket entry rim.014 | J35 socket entry rim.013 | J35 socket entry rim.012 | J35 socket entry rim.011 | J35 socket entry rim.010 | J35 socket entry rim.009 | J35 socket entry rim.008 | J35 socket entry rim.007 | J35 socket entry rim.006 | J35 socket entry rim.005 | J35 socket entry rim.004 | J35 socket entry rim.003 | J35 socket entry rim.002 | J35 socket entry rim.001 | J35 socket entry rim | J35 socket end wall.001 | J35 socket end wall | J35 socket contact housing 4 | J35 socket contact housing 3 | J35 socket contact housing 2 | J35 socket contact housing 1 | J34 keyed Grove receptacle | J34 contacts and3mm solder tails | J33 Harwin M20-9982046 full 2x20 male housing | J33 40 actual mating posts and solder tails | J3 keyed Grove receptacle | J3 contacts and3mm solder tails | J2 keyed four-pin fan SHAPE_99 | J2 keyed four-pin fan SHAPE_98 | J2 keyed four-pin fan SHAPE_97 | J2 keyed four-pin fan SHAPE_96 | J2 keyed four-pin fan SHAPE_95 | J2 keyed four-pin fan SHAPE_94 | J2 keyed four-pin fan SHAPE_93 | J2 keyed four-pin fan SHAPE_92 | J2 keyed four-pin fan SHAPE_91 | J2 keyed four-pin fan SHAPE_90 | J2 keyed four-pin fan SHAPE_9 | J2 keyed four-pin fan SHAPE_89 | J2 keyed four-pin fan SHAPE_88 | J2 keyed four-pin fan SHAPE_87 | J2 keyed four-pin fan SHAPE_86 | J2 keyed four-pin fan SHAPE_85 | J2 keyed four-pin fan SHAPE_84 | J2 keyed four-pin fan SHAPE_83 | J2 keyed four-pin fan SHAPE_82 | J2 keyed four-pin fan SHAPE_81 | J2 keyed four-pin fan SHAPE_80 | J2 keyed four-pin fan SHAPE_8 | J2 keyed four-pin fan SHAPE_79 | J2 keyed four-pin fan SHAPE_78 | J2 keyed four-pin fan SHAPE_77 | J2 keyed four-pin fan SHAPE_76 | J2 keyed four-pin fan SHAPE_75 | J2 keyed four-pin fan SHAPE_74 | J2 keyed four-pin fan SHAPE_73 | J2 keyed four-pin fan SHAPE_72 | J2 keyed four-pin fan SHAPE_71 | J2 keyed four-pin fan SHAPE_70 | J2 keyed four-pin fan SHAPE_7 | J2 keyed four-pin fan SHAPE_69 | J2 keyed four-pin fan SHAPE_68 | J2 keyed four-pin fan SHAPE_67 | J2 keyed four-pin fan SHAPE_66 | J2 keyed four-pin fan SHAPE_65 | J2 keyed four-pin fan SHAPE_64 | J2 keyed four-pin fan SHAPE_63 | J2 keyed four-pin fan SHAPE_62 | J2 keyed four-pin fan SHAPE_61 | J2 keyed four-pin fan SHAPE_60 | J2 keyed four-pin fan SHAPE_6 | J2 keyed four-pin fan SHAPE_59 | J2 keyed four-pin fan SHAPE_58 | J2 keyed four-pin fan SHAPE_57 | J2 keyed four-pin fan SHAPE_56 | J2 keyed four-pin fan SHAPE_55 | J2 keyed four-pin fan SHAPE_54 | J2 keyed four-pin fan SHAPE_53 | J2 keyed four-pin fan SHAPE_52 | J2 keyed four-pin fan SHAPE_51 | J2 keyed four-pin fan SHAPE_50 | J2 keyed four-pin fan SHAPE_5 | J2 keyed four-pin fan SHAPE_49 | J2 keyed four-pin fan SHAPE_48 | J2 keyed four-pin fan SHAPE_47 | J2 keyed four-pin fan SHAPE_46 | J2 keyed four-pin fan SHAPE_45 | J2 keyed four-pin fan SHAPE_44 | J2 keyed four-pin fan SHAPE_43 | J2 keyed four-pin fan SHAPE_42 | J2 keyed four-pin fan SHAPE_41 | J2 keyed four-pin fan SHAPE_40 | J2 keyed four-pin fan SHAPE_4 | J2 keyed four-pin fan SHAPE_39 | J2 keyed four-pin fan SHAPE_38 | J2 keyed four-pin fan SHAPE_37 | J2 keyed four-pin fan SHAPE_36 | J2 keyed four-pin fan SHAPE_35 | J2 keyed four-pin fan SHAPE_34 | J2 keyed four-pin fan SHAPE_33 | J2 keyed four-pin fan SHAPE_32 | J2 keyed four-pin fan SHAPE_31 | J2 keyed four-pin fan SHAPE_30 | J2 keyed four-pin fan SHAPE_3 | J2 keyed four-pin fan SHAPE_29 | J2 keyed four-pin fan SHAPE_28 | J2 keyed four-pin fan SHAPE_27 | J2 keyed four-pin fan SHAPE_26 | J2 keyed four-pin fan SHAPE_25 | J2 keyed four-pin fan SHAPE_24 | J2 keyed four-pin fan SHAPE_23 | J2 keyed four-pin fan SHAPE_22 | J2 keyed four-pin fan SHAPE_21 | J2 keyed four-pin fan SHAPE_20 | J2 keyed four-pin fan SHAPE_2 | J2 keyed four-pin fan SHAPE_19 | J2 keyed four-pin fan SHAPE_18 | J2 keyed four-pin fan SHAPE_17 | J2 keyed four-pin fan SHAPE_16 | J2 keyed four-pin fan SHAPE_15 | J2 keyed four-pin fan SHAPE_14 | J2 keyed four-pin fan SHAPE_13 | J2 keyed four-pin fan SHAPE_12 | J2 keyed four-pin fan SHAPE_11 | J2 keyed four-pin fan SHAPE_10 | J2 keyed four-pin fan SHAPE_1 | J19 keyed Grove receptacle | J19 contacts and3mm solder tails | J17 keyed Grove receptacle | J17 contacts and3mm solder tails | J16 keyed Grove receptacle | J16 contacts and3mm solder tails | J15 keyed Grove receptacle | J15 contacts and3mm solder tails | J14 remote radar Grove J17 keyed Grove receptacle | J14 remote radar Grove J17 contacts and3mm solder tails | J13 remote radar Grove J17 keyed Grove receptacle | J13 remote radar Grove J17 contacts and3mm solder tails | J12 remote radar Grove J17 keyed Grove receptacle | J12 remote radar Grove J17 contacts and3mm solder tails | J1 XH right wall | J1 XH rear wall | J1 XH left wall | J1 XH front right | J1 XH front left | J1 XH front center | J1 XH contact.001 | J1 XH contact | J1 XH base | H3 top exposed copper | H3 plated hole wall | H3 bottom exposed copper | H3 base mount washer | H3 base mount screw head | H3 base mount screw | H1 top exposed copper | H1 plated hole wall | H1 bottom exposed copper | H1 base mount washer | H1 base mount screw head | H1 base mount screw | F.Cu width2.0 | F.Cu width0.8 | F.Cu width0.4 | F.Cu width0.9998 | F.Cu width0.25 | F.Cu width1.2 | B.Cu width2.0 | B.Cu width0.8 | B.Cu width1.7298 | B.Cu width0.25 | B.Cu width1.2
front_support,M01 front support,A separate printed support positions the front devices.,109.0,55.2,61.0,M01 independent front integrated support
rear_support,M04 rear support,The rear support also carries the left and right radars.,130.6,76.0,57.0,M04 rear support with integrated left and right radar frames
lcd_keeper,Display retaining strip,Holds the display assembly in its support.,101.2,6.0,11.9,LCD narrow retaining strip
left_keeper,Left radar retainer,Clamps the left radar into its mounting seat.,7.8,38.0,3.6,左 radar removable top keeper
right_keeper,Right radar retainer,Clamps the right radar into its mounting seat.,7.8,38.0,3.6,右 radar removable top keeper
rear_keeper,Rear radar retainer,Clamps the rear radar into its mounting seat.,38.0,7.8,3.6,后 radar removable top keeper
halo_keeper,Light-ring locking key,The removable key prevents the transparent ring turning.,21.9,6.8,6.6,HALO removable rigid anti-rotation key | HALO M2x5 screw envelope | HALO M2 nut envelope
power_keeper,Power-switch keeper,Retains the provisional rear switch assembly.,18.8,8.7,5.15,Power switch removable keeper | Power switch keeper M2 head | Power switch keeper M2 head.001
dc_keeper,DC socket keeper,Retains the rear socket nut within the support.,24.0,4.4,4.6,Power DC nut removable keeper | Power DC keeper M2 head | Power DC keeper M2 head.001
fasteners,Internal screws and spacers,"Mounting screws, nuts and stand-offs secure the assembly.",126.35,113.8,57.8,M01 M3x6 internal screw | M01 accessible low screw head | M01 internally accessible M3 nut | M01 M3x6 internal screw.001 | M01 accessible low screw head.001 | M01 internally accessible M3 nut.001 | M04 M3x6 internal screw | M04 accessible low screw head | M04 internally accessible M3 nut | M04 M3x6 internal screw.001 | M04 accessible low screw head.001 | M04 internally accessible M3 nut.001 | M04 M3x6 internal screw.002 | M04 accessible low screw head.002 | M04 internally accessible M3 nut.002 | M04 M3x6 internal screw.003 | M04 accessible low screw head.003 | M04 internally accessible M3 nut.003 | LCD left M2x6 reference head | LCD left M2x6 reference clearance span | LCD left M2x6 reference pilot engagement | LCD right M2x6 reference head | LCD right M2x6 reference clearance span | LCD right M2x6 reference pilot engagement | MH_UPS4 lower base spacer - height provisional | MH_UPS2 lower base spacer - height provisional | H3 lower base spacer - height provisional | H1 lower base spacer - height provisional
