id,name,refs,status,connection,power,software,mechanical,action,evidence
D01,Radxa ZERO 3W,J5 / J33,接法成立，目标机待验,J5按40针物理号插接；2/4=HOST5V，1/17是ZERO输出3V3，地按针表。J33同号复制。,M1切HOST；USB麦克风/相机/HAT/风扇计入HOST负载；不能与外部USB电源随意并供。,UART9/5、PWM14与HAT GPIO-I2C已有overlay源码；实际DTB/pinmux未部署。,直接插座，不增加40根虚构线束。,核实目标机设备节点及总电流；保留USB-C2给麦克风。,S01 S03 S05
D02,XIAO ESP32S3 Plus,J7 / J50,接法成立，应用待适配,D4 GPIO5=SDA、D5 GPIO6=SCL；D1 GPIO2经M15控制雷达继电器。,+5V_LOGIC；3V3_S3与3V3_RP不并联。,三路硬件UART有初始化，但解析器仍是LD2450的AA FF 03 00/30字节帧。,14针直接插接；J50是并联引出。,保留USB编程隔离要求，移植Rd03E协议；不把扩展座当额外UART。,S01 S03 S04
D03,XIAO RP2350,J10 / J52,安全长按代码已实现，接线/实机待验,GPIO0/1 UART0经M20接ZERO；GPIO6/7在同一S3 I2C总线上作从机0x2D。,+5V_LOGIC；3V3_RP独立。,GPIO26改为后DPDT的隔离感知触点；长按1秒开HOST、2.5秒关机，启动按压与关机按压分开。旧第四雷达解析业务仍待整理。,14针直接插接。,前部功能键不恢复；后键按J19.1/4独立接线。Linux存储静止且松键后才释放M16。,S01 S04 S25 S26
D04,双眼触摸LCD完整总成,J15 + J53 / M13,用户确认沿用UART；应用协议待实现,J15.1→LCD1 P2.10 TX；.2→P2.9 RX；.3→P2.1 5V；.4→P2.2 GND。J53.1→P2.5 3V3，.2→P2.6 GND。,眼屏为AON5供电，不随M1关闭；J53必须取眼屏自身3V3。,ZERO UART5_M1 32TX/33RX经M21；还需眼屏固件命令/帧协议。现源码未实现显示业务。,LCD1为SH1.0 14P，不是4P Grove；LCD2同形14P含义不同。总成未拆分时屏间由原板连接。,用户2026-10-07最终选择沿用UART J15+J53；撤销旧3D中USB-C1标注。制作4+2到LCD1 14P的定制线；其余P2脚逐项标NC，触摸通过眼屏MCU协议上报。,S01 S06
D05,内部SSD1306小OLED,J35 / M3,电路可接，应用/针序需对版,J35 1=VCC、2=GND、3=SCL、4=SDA，与J17/J34的顺序不同。,3V3_S3，已有板载上拉数值未确定。,未找到当前OLED初始化/渲染业务；地址以板上实际配置为准。,直接4针插座；无外接线束。,保留内部朝上显示；确认实物VCC/GND顺序与地址，不默认全部SSD1306板都一致。,S01 S14
D06,Arducam B0310摄像头,ZERO CSI,用户确认可连接,用匹配的CSI FFC从摄像头到ZERO独立CSI座；不接Grove/UART，不占USB。,由CSI接口按原相机方案供电。,依用户确认沿用现有支持方案，本次不再审查兼容性。,镜头内凹1.3mm、完整前口保护圈；排线沿前部回折并避开喇叭和支架。,图中显示FFC路径；排线型号、接触面及装配弯折仍按用户已确认的配套线。,S24
D07,左侧Rd-03E毫米波雷达,J12,需换接线并适配固件,J12.1→Rd03E.3 OT1/TX；.2→.4 RX；.3→.1 VCC；.4→.2 GND；Rd03E.5 OT2不接。S3 GPIO4 RX / GPIO3 TX。,5V经M2，3颗均值合计132mA；厂家要求每路供电能力≥200mA，不是把44mA当峰值。,默认256000 8N1相同也不能复用LD2450帧解析；核对实装测距/手势固件。,4P Grove到5P 2.54mm转换线，后端OT2空位；弯脚编号按天线面方向复核。,当前直接RX没经过隔离；原手册VOH上界写到VDD，需确认实际TX最大电平及断电回灌；未经确认不宣称直连通过。,S01 S04 S07 S08
D08,右侧Rd-03E毫米波雷达,J13,需换接线并适配固件,J13.1→Rd03E.3 OT1/TX；.2→.4 RX；.3→.1 VCC；.4→.2 GND；Rd03E.5 OT2不接。S3 GPIO8 RX / GPIO7 TX。,5V经M2，3颗均值合计132mA；厂家要求每路供电能力≥200mA，不是把44mA当峰值。,默认256000 8N1相同也不能复用LD2450帧解析；核对实装测距/手势固件。,4P Grove到5P 2.54mm转换线，后端OT2空位；弯脚编号按天线面方向复核。,当前直接RX没经过隔离；原手册VOH上界写到VDD，需确认实际TX最大电平及断电回灌；未经确认不宣称直连通过。,S01 S04 S07 S08
D09,后侧Rd-03E毫米波雷达,J14,需换接线并适配固件,J14.1→Rd03E.3 OT1/TX；.2→.4 RX；.3→.1 VCC；.4→.2 GND；Rd03E.5 OT2不接。S3 GPIO9 RX / GPIO1 TX。,5V经M2，3颗均值合计132mA；厂家要求每路供电能力≥200mA，不是把44mA当峰值。,默认256000 8N1相同也不能复用LD2450帧解析；核对实装测距/手势固件。,4P Grove到5P 2.54mm转换线，后端OT2空位；弯脚编号按天线面方向复核。,当前直接RX没经过隔离；原手册VOH上界写到VDD，需确认实际TX最大电平及断电回灌；未经确认不宣称直连通过。,S01 S04 S07 S08
D10,VL53L8CX九针光学ToF,候选J37；J16全空置,驱动已实现，载板电平/供电仍待核,参考板照片定义P1 SPI_I2C_N、P2 NCS、P3 INT、P4 LPn、P5 MISO、P6 SCL/CLK、P7 SDA/MOSI、P8 GND、P9 VIN。候选J37.1/.2→P6/P7，J37.3/.4→P9/P8。,总线与传感器使用同一ZERO 3V3供电，停测用软件休眠，不切M17。芯片IO为1.2/1.8V；需实购载板稳压/电平转换依据才能启用3.3V连接。,I2C4_M0和ST ULD已移植：8×8/10Hz、原始有效状态、软件休眠；Linux7位地址0x29，ST的0x52为8位地址。ARM64 Linux编译通过，未连接实物。,9针直排与Grove不匹配；图中画候选线并用待接标签，不伪装为已通电完成。,核对载板VIN与I2C电平、SPI_I2C_N低、LPn上拉/控制、INT轮询时不接、NCS/MISO在I2C下按载板原理图处理。M22不可充当I2C隔离器。,S01 S05 S09 S10 S11
D11,Grove LSM6DS3六轴,J17 / M14,接法成立，姿态软件待实现,J17.1/.2/.3/.4逐一接模块J4.1 SCL/.2 SDA/.3 VCC/.4 GND。,3V3_S3；计入模块内部/外部上拉合成电流。,默认0x6A、可改0x6B；当前应用未读取IMU。竖装须映射坐标。,原竖装，走线避开前部相机排线。,不能当磁罗盘；与水平QMC做坐标对齐、校准后融合。,S01 S12 S13 S14
D12,HS-S75-L / QMC5883L罗盘,J34,需定制反序线，应用待实现,J34.1 SCL→CN1.4；.2 SDA→CN1.3；.3 3V3→CN1.2 V；.4 GND→CN1.1 G。,按模块3.3V输入；板上662K及4.7k上拉在内部VCC；外部多路上拉需要合算。,0x0D与RP0x2D/UPS0x41/LSM6DS3 0x6A无默认地址冲突；没有当前罗盘驱动/融合实现。,水平XY安装；喇叭磁体、风扇和电流回路是需验证的干扰源。,不可Grove同号直通；开机扫码、低电平/上升时间测量、整机磁校准。,S01 S12 S14
D13,ReSpeaker XVF3800麦克风阵列,ZERO USB-C2 / M11 M12,USB方案可行，端口与固件需匹配,ZERO USB-C2 HOST→XVF3800主板USB设备口；不要错接XIAO编程口；标准USB线含VBUS/D−/D+/GND和接口协商/屏蔽。,由HOST USB VBUS；不再并接另一条5V供电线。,USB音频固件；带XIAO版本默认I2S固件不能直接当USB音频设备。需ALSA录放验证。,固定在盖子上，USB和扬声器线都要可拔并预留开盖服务段。,用完整合规USB线；图中4色仅解释USB2功能，不是制作Type-C线的完整针脚图。,S01 S15
D14,XFDZ-3727 4Ω3W扬声器,ReSpeaker SPK,可接功放输出，插头与限幅待落实,ReSpeaker SPK+→喇叭+，SPK−→喇叭−；不把SPK−接系统GND，不接AUX耳机口。,被动4Ω3W负载，不从MCU供电；3W对应3.46Vrms、0.866Arms的额定算术参考。,功放能力大于喇叭额定时要限幅，当前没有3W实测限幅验收。,喇叭线145±5mm、1.25mm2P；ReSpeaker配对插头系列/极性待核对，不能假定同规格。,保留原线端或正确转接；盖子先拔SPK再提起，禁止拉扯细线。,S15 S21
D15,5010 5V四线B3 PWM，SKU 5651202152814,J2 / M42,供电/功能对应，需B3转接和控制参数核对,用户提供卖家针序并确认实际5V：J2.1→1黑GND；.2→2黄5V；.3→3绿FG；.4→4蓝PWM。图中12V字样不适用于实购SKU；配对插头仍按卖家编号面核对。,使用HOST5V。Delta0.09A及SUNVN12V0.2A不是这个已选SKU的额定数据，全部撤销；本SKU电流/启动峰值尚未确认。,ZERO物理7 PWM14_M0→M42→J2.4；物理11←J2.3。源码已实现启动全速1秒、FG读取、失效锁定全速；未知PPR只报Hz。25kHz候选、M42的5V推挽输出、FG电平仍需本SKU参数/实测确认；默认不启用未验证电气接口。,沿用5010金属底面、四线出线及向下排风。主板是标准4P座，风扇是B3，需要两端匹配的转换线。,选型及卖家针序不再重复询问；绘图同步黑/黄/绿/蓝线色。余下核对PWM低/高、停转/全速、FG输出电平和电流；用户确认不等于本轮电气实测。,S01 S19 S23 S26 S27
D16,Waveshare UPS Module 3S,J1 J3 J44 / M10,接线可定义，电流/启动回路需闭合,P4.2 5V→J1.1；P4.1→J1.2；状态H1 SCL→J3.1、H2 SDA→.2、H5 GND→.4，J3.3不接；P2.2→J44.1、P2.1→J44.2。,P1为充电输入、P3为电池电压、P4为稳压5V，三者不互换。当前J1/XH额定3A条件不能因UPS标5A而升级。,INA219 0x41；电池百分比为估算。当前固件未实现UPS读数业务。,母板XH2.50mm已替代旧VH3.96mm；UPS端保留实配插头。,UPS原开关状态必须与外接P2回路一致；测M16和J1的负载/浪涌；P3到J42当前无外部负载，可不装线。,S01 S20
D17,后置DC-022B插座,外置DC→UPS P1,接法成立，极性按端子核对,中心正极→UPS P1.2，外筒负极→P1.1；若有第三开关触点则不接。,沿用12.6V充电输入方案；不是母板5V输入。,无GPIO。,插座可拆；先松开再开盖，不扭绞内部线。,两芯绝缘固定并留拆装余量；取消母板DC焊装方案，旧J43不可混用。,S01 S20
D18,后部电源执行件,J51主电流通路；J19.1/4感知候选,执行件未定，TL2230直连方案已撤回,UPS P2/J51串联主电流，禁止将0.1A的TL2230直接跨J51。需要足额DC触点或MOS电源模块；J19.1/4仅是隔离感知候选，J19.2/3空置。当前H05保持未接。,保留J44→UPS P2的原主电流回路和M16自保持；J51两脚均非GND。足额DC按钮或MOS启动板尚待定。,RP先保持M16，长按开HOST；再次长按通知Linux。存储静止确认、外围关断且按钮松开后释放M16，120秒超时只报错。,TL2230直连适配已取消；当前3D后部仍是旧未接安装包络，不代表替代执行件已安装。,先定额定电源执行件及对应联锁，再确定机械端号/方向/行程。用户已授权安全关机替换；四端电子板保持未接。,S01 S20 S25 S26
D19,四个原继电器,M1 M2 M16 M17 + M15,板内网络一致，负载能力待验,M1切HOST，M2切雷达且NC控制MUX禁止，M16主保持跨P2，M17切3V3_TOF。M15四通道开漏拉低对应控制。,继电器线圈5V；3.3V GPIO不直接强推IN高。接点整模块峰值/温升不能用卖家<4A替代。,分阶段控制已编译；不证明实际触点和电压时序合格。,四个继电器在载板元件面按原装配位整块安装，M1/M2利用XIAO下方间隙；不把文件名backside误解为四继电器都在背面。没有外接杜邦线。,M16原自保持保留；新ToF不接J16/M17切换输出，采同源供电和软件休眠。负载能力仍需实测。,S01 S04 S22 S26
D20,两块UART MUX,J28 J29,原理图可追踪，三雷达迁移需整理,A/B=GND选通0；EN由M2 NC禁止；只门控MCU→雷达TX方向，雷达→MCU RX直接连接。,5V AON供电；需模块EN高禁止及下拉与实物一致。,不增加独立UART；S3三UART/RP一UART是原资源分配。,16针直接插座。,空第四通道保留但不用；不能当电平转换或双向断电隔离证明。,S01 S03
D21,串口隔离整模块,M20 M21 M22,前两组继续用，M22不适配新ToF,M20 ZERO↔RP，M21 ZERO↔EYES；M22原为ZERO↔UART ToF，不能直接转为开漏双向I2C。,各端由对应3V3供电，但两侧GND同网；用于信号电源域处理，不构成整机地隔离。,与相应UART引脚复用一致。,背面短脚焊接，无外部线。,J53是M21远端供电必需；不要同时用扩展口接第二个主动TX。,S01 S03
D22,Servo Driver HAT(B),J33 / M5,保留原板，本机没有舵机,J33全40针复制；HAT SDA/SCL在物理3/5；VIN不接，R17保留，16路舵机输出都空置。,HOST5V供电；仍计板自身电流/电容浪涌，不记成0。,PCA9685 0x40/ALLCALL0x70，独立ZERO GPIO-I2C；不是S3总线。,直接安装；不画不存在的舵机线。,不自动启用任何电机负载；现任务只核对保留板。,S01 S03 S14
D23,前/顶对讲键和两侧四键,原功能键退出；J19复用给后电源感知,已取消前/侧功能键,原功能键不装；J19.1/4只用于后DPDT感知触点；2NC，3为3V3_RP不可短到地。,无功能键新负载。,GPIO26不再短按切HOST，改为后电源长按逻辑。,3D中前/侧功能键/孔/支架数量为0；后电源按钮单独保留。,所有旧HS-KEY1-L/两侧按钮记录明确作废，不恢复。,S01 S04
D24,阵列内置灯/麦克风、眼屏触摸及板载BOOT/RESET,设备原板内部,内部原连接，不新增母板线,四麦克风/状态灯由ReSpeaker原板控制；两屏和触摸由双眼总成原板控制。XIAO/眼屏BOOT/RESET只作板级维护。,计在相应整模块供电。,USB或眼屏串口应用须支持对应功能。,外壳光环是透光件，不是额外一条未接的LED灯带。,避免把板载按钮当取消的外部功能键；不虚构第三块显示屏或独立灯带。,S06 S15
D25,已退出及备用设备,J36 J42 等,不安装／只保留接口,第四LD2450、旧SEN0628、红外补光、USB HUB及舵机不在当前总成；J36第四雷达、J42电池输出空置。,备用口标明电源域；J42不是5V。,没有自动恢复旧功能。,当前采用独立底座及前M01/后M04两件支架；左右雷达并入后M04。全部支架从盒内安装，底面仅4颗外壳螺丝；最新外形和光环尺寸见机械记录。,所有并联扩展接口仍逐针列在附表，不当成独立外设。,S01
