ref,pin,function,net,use,footprint
J1,1,UPS_5V,+5V_AON,H01 UPS稳压5V；XH2.50mm,Connector_JST:JST_XH_B2B-XH-A_1x02_P2.50mm_Vertical
J1,2,GND,GND,H01 UPS稳压5V；XH2.50mm,Connector_JST:JST_XH_B2B-XH-A_1x02_P2.50mm_Vertical
J2,1,GND,GND,H14 5010 5V四线B3 PWM转换线；按功能核对端序。原生符号名中的NOCTUA为历史接口标签，不是当前选购风扇。,Connector:FanPinHeader_1x04_P2.54mm_Vertical
J2,2,5V,+5V_HOST,H14 5010 5V四线B3 PWM转换线；按功能核对端序。原生符号名中的NOCTUA为历史接口标签，不是当前选购风扇。,Connector:FanPinHeader_1x04_P2.54mm_Vertical
J2,3,TACH,Z_GPIO3_A1,H14 5010 5V四线B3 PWM转换线；按功能核对端序。原生符号名中的NOCTUA为历史接口标签，不是当前选购风扇。,Connector:FanPinHeader_1x04_P2.54mm_Vertical
J2,4,BUFFERED FAN PWM,FAN_PWM_5V,H14 5010 5V四线B3 PWM转换线；按功能核对端序。原生符号名中的NOCTUA为历史接口标签，不是当前选购风扇。,Connector:FanPinHeader_1x04_P2.54mm_Vertical
J3,1,SCL,S3_D5,H02 UPS状态；3脚不接,box:NS-Tech_Grove_1x04_P2mm_Vertical_J3_SilkClearance
J3,2,SDA,S3_D4,H02 UPS状态；3脚不接,box:NS-Tech_Grove_1x04_P2mm_Vertical_J3_SilkClearance
J3,3,NC,NC,H02 UPS状态；3脚不接,box:NS-Tech_Grove_1x04_P2mm_Vertical_J3_SilkClearance
J3,4,GND,GND,H02 UPS状态；3脚不接,box:NS-Tech_Grove_1x04_P2mm_Vertical_J3_SilkClearance
J5,1,P1,+3V3_ZERO,ZERO直接插接,box:Zero_socket40_PROVISIONAL
J5,2,P2,+5V_HOST,ZERO直接插接,box:Zero_socket40_PROVISIONAL
J5,3,P3,Z_GPIO1_A0,ZERO直接插接,box:Zero_socket40_PROVISIONAL
J5,4,P4,+5V_HOST,ZERO直接插接,box:Zero_socket40_PROVISIONAL
J5,5,P5,Z_GPIO1_A1,ZERO直接插接,box:Zero_socket40_PROVISIONAL
J5,6,P6,GND,ZERO直接插接,box:Zero_socket40_PROVISIONAL
J5,7,P7,Z_GPIO3_C4,ZERO直接插接,box:Zero_socket40_PROVISIONAL
J5,8,P8,Z_GPIO0_D1,ZERO直接插接,box:Zero_socket40_PROVISIONAL
J5,9,P9,GND,ZERO直接插接,box:Zero_socket40_PROVISIONAL
J5,10,P10,Z_GPIO0_D0,ZERO直接插接,box:Zero_socket40_PROVISIONAL
J5,11,P11,Z_GPIO3_A1,ZERO直接插接,box:Zero_socket40_PROVISIONAL
J5,12,P12,Z_GPIO3_A3,ZERO直接插接,box:Zero_socket40_PROVISIONAL
J5,13,P13,Z_GPIO3_A2,ZERO直接插接,box:Zero_socket40_PROVISIONAL
J5,14,P14,GND,ZERO直接插接,box:Zero_socket40_PROVISIONAL
J5,15,P15,Z_GPIO3_B0,ZERO直接插接,box:Zero_socket40_PROVISIONAL
J5,16,P16,Z_GPIO3_B1,ZERO直接插接,box:Zero_socket40_PROVISIONAL
J5,17,P17,+3V3_ZERO,ZERO直接插接,box:Zero_socket40_PROVISIONAL
J5,18,P18,Z_GPIO3_B2,ZERO直接插接,box:Zero_socket40_PROVISIONAL
J5,19,P19,Z_GPIO4_C3,ZERO直接插接,box:Zero_socket40_PROVISIONAL
J5,20,P20,GND,ZERO直接插接,box:Zero_socket40_PROVISIONAL
J5,21,P21,Z_GPIO4_C5,ZERO直接插接,box:Zero_socket40_PROVISIONAL
J5,22,P22,Z_GPIO3_C1,ZERO直接插接,box:Zero_socket40_PROVISIONAL
J5,23,P23,Z_GPIO4_C2,ZERO直接插接,box:Zero_socket40_PROVISIONAL
J5,24,P24,Z_GPIO4_C6,ZERO直接插接,box:Zero_socket40_PROVISIONAL
J5,25,P25,GND,ZERO直接插接,box:Zero_socket40_PROVISIONAL
J5,26,P26,Z_PHYSICAL26_NC_COPY,ZERO直接插接,box:Zero_socket40_PROVISIONAL
J5,27,P27,Z_GPIO4_B2,ZERO直接插接,box:Zero_socket40_PROVISIONAL
J5,28,P28,Z_GPIO4_B3,ZERO直接插接,box:Zero_socket40_PROVISIONAL
J5,29,P29,Z_GPIO3_B3,ZERO直接插接,box:Zero_socket40_PROVISIONAL
J5,30,P30,GND,ZERO直接插接,box:Zero_socket40_PROVISIONAL
J5,31,P31,Z_GPIO3_B4,ZERO直接插接,box:Zero_socket40_PROVISIONAL
J5,32,P32,Z_GPIO3_C2,ZERO直接插接,box:Zero_socket40_PROVISIONAL
J5,33,P33,Z_GPIO3_C3,ZERO直接插接,box:Zero_socket40_PROVISIONAL
J5,34,P34,GND,ZERO直接插接,box:Zero_socket40_PROVISIONAL
J5,35,P35,Z_GPIO3_A4,ZERO直接插接,box:Zero_socket40_PROVISIONAL
J5,36,P36,Z_GPIO3_A7,ZERO直接插接,box:Zero_socket40_PROVISIONAL
J5,37,P37,Z_GPIO1_A4,ZERO直接插接,box:Zero_socket40_PROVISIONAL
J5,38,P38,Z_GPIO3_A6,ZERO直接插接,box:Zero_socket40_PROVISIONAL
J5,39,P39,GND,ZERO直接插接,box:Zero_socket40_PROVISIONAL
J5,40,P40,Z_GPIO3_A5,ZERO直接插接,box:Zero_socket40_PROVISIONAL
J7,1,D0,S3_D0,XIAO S3直接插接,box:Seeed_XIAO_14pin_Socket
J7,2,D1,S3_D1,XIAO S3直接插接,box:Seeed_XIAO_14pin_Socket
J7,3,D2,S3_D2,XIAO S3直接插接,box:Seeed_XIAO_14pin_Socket
J7,4,D3,S3_D3,XIAO S3直接插接,box:Seeed_XIAO_14pin_Socket
J7,5,D4,S3_D4,XIAO S3直接插接,box:Seeed_XIAO_14pin_Socket
J7,6,D5,S3_D5,XIAO S3直接插接,box:Seeed_XIAO_14pin_Socket
J7,7,D6,S3_D6,XIAO S3直接插接,box:Seeed_XIAO_14pin_Socket
J7,8,D7,S3_D7,XIAO S3直接插接,box:Seeed_XIAO_14pin_Socket
J7,9,D8,S3_D8,XIAO S3直接插接,box:Seeed_XIAO_14pin_Socket
J7,10,D9,S3_D9,XIAO S3直接插接,box:Seeed_XIAO_14pin_Socket
J7,11,D10,S3_D10,XIAO S3直接插接,box:Seeed_XIAO_14pin_Socket
J7,12,3V3,+3V3_S3,XIAO S3直接插接,box:Seeed_XIAO_14pin_Socket
J7,13,GND,GND,XIAO S3直接插接,box:Seeed_XIAO_14pin_Socket
J7,14,VBUS,+5V_LOGIC,XIAO S3直接插接,box:Seeed_XIAO_14pin_Socket
J10,1,D0,RP_D0,XIAO RP直接插接,box:Seeed_XIAO_14pin_Socket
J10,2,D1,RP_D1,XIAO RP直接插接,box:Seeed_XIAO_14pin_Socket
J10,3,D2,RP_D2,XIAO RP直接插接,box:Seeed_XIAO_14pin_Socket
J10,4,D3,RP_D3,XIAO RP直接插接,box:Seeed_XIAO_14pin_Socket
J10,5,D4,S3_D4,XIAO RP直接插接,box:Seeed_XIAO_14pin_Socket
J10,6,D5,S3_D5,XIAO RP直接插接,box:Seeed_XIAO_14pin_Socket
J10,7,D6,RP_UART0_TX,XIAO RP直接插接,box:Seeed_XIAO_14pin_Socket
J10,8,D7,RP_UART0_RX,XIAO RP直接插接,box:Seeed_XIAO_14pin_Socket
J10,9,D8,RP_D8,XIAO RP直接插接,box:Seeed_XIAO_14pin_Socket
J10,10,D9,RP_D9,XIAO RP直接插接,box:Seeed_XIAO_14pin_Socket
J10,11,D10,RP_D10,XIAO RP直接插接,box:Seeed_XIAO_14pin_Socket
J10,12,3V3,+3V3_RP,XIAO RP直接插接,box:Seeed_XIAO_14pin_Socket
J10,13,GND,GND,XIAO RP直接插接,box:Seeed_XIAO_14pin_Socket
J10,14,VBUS,+5V_LOGIC,XIAO RP直接插接,box:Seeed_XIAO_14pin_Socket
J12,1,RADAR TX TO MCU RX,S3_D3,H08 左Rd03E；4转5芯序,Connector:NS-Tech_Grove_1x04_P2mm_Vertical
J12,2,GATED MCU TX TO RADAR RX,RADAR_FL_RX,H08 左Rd03E；4转5芯序,Connector:NS-Tech_Grove_1x04_P2mm_Vertical
J12,3,RADAR_5V,+V_RADAR_SW,H08 左Rd03E；4转5芯序,Connector:NS-Tech_Grove_1x04_P2mm_Vertical
J12,4,GND,GND,H08 左Rd03E；4转5芯序,Connector:NS-Tech_Grove_1x04_P2mm_Vertical
J13,1,RADAR TX TO MCU RX,S3_D9,H09 右Rd03E；4转5芯序,Connector:NS-Tech_Grove_1x04_P2mm_Vertical
J13,2,GATED MCU TX TO RADAR RX,RADAR_FR_RX,H09 右Rd03E；4转5芯序,Connector:NS-Tech_Grove_1x04_P2mm_Vertical
J13,3,RADAR_5V,+V_RADAR_SW,H09 右Rd03E；4转5芯序,Connector:NS-Tech_Grove_1x04_P2mm_Vertical
J13,4,GND,GND,H09 右Rd03E；4转5芯序,Connector:NS-Tech_Grove_1x04_P2mm_Vertical
J14,1,RADAR TX TO MCU RX,S3_D10,H10 后Rd03E；4转5芯序,Connector:NS-Tech_Grove_1x04_P2mm_Vertical
J14,2,GATED MCU TX TO RADAR RX,RADAR_RL_RX,H10 后Rd03E；4转5芯序,Connector:NS-Tech_Grove_1x04_P2mm_Vertical
J14,3,RADAR_5V,+V_RADAR_SW,H10 后Rd03E；4转5芯序,Connector:NS-Tech_Grove_1x04_P2mm_Vertical
J14,4,GND,GND,H10 后Rd03E；4转5芯序,Connector:NS-Tech_Grove_1x04_P2mm_Vertical
J15,1,EYES_TX->ZERO_RX,EYES_TX,H06 双眼LCD1 P2，另有H07参考,Connector:NS-Tech_Grove_1x04_P2mm_Vertical
J15,2,ZERO_TX->EYES_RX,EYES_RX,H06 双眼LCD1 P2，另有H07参考,Connector:NS-Tech_Grove_1x04_P2mm_Vertical
J15,3,SYS_5V,+5V_AON,H06 双眼LCD1 P2，另有H07参考,Connector:NS-Tech_Grove_1x04_P2mm_Vertical
J15,4,GND,GND,H06 双眼LCD1 P2，另有H07参考,Connector:NS-Tech_Grove_1x04_P2mm_Vertical
J16,1,SIG1,TOF_TX,新ToF不接此口，四脚空置,Connector:NS-Tech_Grove_1x04_P2mm_Vertical
J16,2,SIG2,TOF_RX,新ToF不接此口，四脚空置,Connector:NS-Tech_Grove_1x04_P2mm_Vertical
J16,3,VCC,+3V3_TOF_SW,新ToF不接此口，四脚空置,Connector:NS-Tech_Grove_1x04_P2mm_Vertical
J16,4,GND,GND,新ToF不接此口，四脚空置,Connector:NS-Tech_Grove_1x04_P2mm_Vertical
J17,1,SCL,S3_D5,H11 六轴Grove 1:1,Connector:NS-Tech_Grove_1x04_P2mm_Vertical
J17,2,SDA,S3_D4,H11 六轴Grove 1:1,Connector:NS-Tech_Grove_1x04_P2mm_Vertical
J17,3,S3_3V3,+3V3_S3,H11 六轴Grove 1:1,Connector:NS-Tech_Grove_1x04_P2mm_Vertical
J17,4,GND,GND,H11 六轴Grove 1:1,Connector:NS-Tech_Grove_1x04_P2mm_Vertical
J19,1,SIG1,RP_D0,1/4为隔离后电源感知候选，未接；2/3空置；前/侧功能键取消,Connector:NS-Tech_Grove_1x04_P2mm_Vertical
J19,2,SIG2,NC,1/4为隔离后电源感知候选，未接；2/3空置；前/侧功能键取消,Connector:NS-Tech_Grove_1x04_P2mm_Vertical
J19,3,VCC,+3V3_RP,1/4为隔离后电源感知候选，未接；2/3空置；前/侧功能键取消,Connector:NS-Tech_Grove_1x04_P2mm_Vertical
J19,4,GND,GND,1/4为隔离后电源感知候选，未接；2/3空置；前/侧功能键取消,Connector:NS-Tech_Grove_1x04_P2mm_Vertical
J28,1,TX0,RADAR_FL_RX,MUX A直接插接,box:UART_MUX_SOCKET_16_USER_PINOUT
J28,2,VCC,+5V_AON,MUX A直接插接,box:UART_MUX_SOCKET_16_USER_PINOUT
J28,3,TX1,NC,MUX A直接插接,box:UART_MUX_SOCKET_16_USER_PINOUT
J28,4,TXD,S3_D2,MUX A直接插接,box:UART_MUX_SOCKET_16_USER_PINOUT
J28,5,TX2,NC,MUX A直接插接,box:UART_MUX_SOCKET_16_USER_PINOUT
J28,6,RXD,S3_D8,MUX A直接插接,box:UART_MUX_SOCKET_16_USER_PINOUT
J28,7,TX3,NC,MUX A直接插接,box:UART_MUX_SOCKET_16_USER_PINOUT
J28,8,A,GND,MUX A直接插接,box:UART_MUX_SOCKET_16_USER_PINOUT
J28,9,RX0,RADAR_FR_RX,MUX A直接插接,box:UART_MUX_SOCKET_16_USER_PINOUT
J28,10,B,GND,MUX A直接插接,box:UART_MUX_SOCKET_16_USER_PINOUT
J28,11,RX1,NC,MUX A直接插接,box:UART_MUX_SOCKET_16_USER_PINOUT
J28,12,EN,RADAR_MUX_INHIBIT,MUX A直接插接,box:UART_MUX_SOCKET_16_USER_PINOUT
J28,13,RX2,NC,MUX A直接插接,box:UART_MUX_SOCKET_16_USER_PINOUT
J28,14,GND,GND,MUX A直接插接,box:UART_MUX_SOCKET_16_USER_PINOUT
J28,15,RX3,NC,MUX A直接插接,box:UART_MUX_SOCKET_16_USER_PINOUT
J28,16,GND,GND,MUX A直接插接,box:UART_MUX_SOCKET_16_USER_PINOUT
J29,1,TX0,RADAR_RL_RX,MUX B直接插接,box:UART_MUX_SOCKET_16_USER_PINOUT
J29,2,VCC,+5V_AON,MUX B直接插接,box:UART_MUX_SOCKET_16_USER_PINOUT
J29,3,TX1,NC,MUX B直接插接,box:UART_MUX_SOCKET_16_USER_PINOUT
J29,4,TXD,S3_D0,MUX B直接插接,box:UART_MUX_SOCKET_16_USER_PINOUT
J29,5,TX2,NC,MUX B直接插接,box:UART_MUX_SOCKET_16_USER_PINOUT
J29,6,RXD,RP_D9,MUX B直接插接,box:UART_MUX_SOCKET_16_USER_PINOUT
J29,7,TX3,NC,MUX B直接插接,box:UART_MUX_SOCKET_16_USER_PINOUT
J29,8,A,GND,MUX B直接插接,box:UART_MUX_SOCKET_16_USER_PINOUT
J29,9,RX0,RADAR_RR_RX,MUX B直接插接,box:UART_MUX_SOCKET_16_USER_PINOUT
J29,10,B,GND,MUX B直接插接,box:UART_MUX_SOCKET_16_USER_PINOUT
J29,11,RX1,NC,MUX B直接插接,box:UART_MUX_SOCKET_16_USER_PINOUT
J29,12,EN,RADAR_MUX_INHIBIT,MUX B直接插接,box:UART_MUX_SOCKET_16_USER_PINOUT
J29,13,RX2,NC,MUX B直接插接,box:UART_MUX_SOCKET_16_USER_PINOUT
J29,14,GND,GND,MUX B直接插接,box:UART_MUX_SOCKET_16_USER_PINOUT
J29,15,RX3,NC,MUX B直接插接,box:UART_MUX_SOCKET_16_USER_PINOUT
J29,16,GND,GND,MUX B直接插接,box:UART_MUX_SOCKET_16_USER_PINOUT
J33,1,ZERO_P1,+3V3_ZERO,HAT直接插接，全40同号；26非GPIO,box:HAT_P4_M20_9982046_2x20
J33,2,ZERO_P2,+5V_HOST,HAT直接插接，全40同号；26非GPIO,box:HAT_P4_M20_9982046_2x20
J33,3,ZERO_P3,Z_GPIO1_A0,HAT直接插接，全40同号；26非GPIO,box:HAT_P4_M20_9982046_2x20
J33,4,ZERO_P4,+5V_HOST,HAT直接插接，全40同号；26非GPIO,box:HAT_P4_M20_9982046_2x20
J33,5,ZERO_P5,Z_GPIO1_A1,HAT直接插接，全40同号；26非GPIO,box:HAT_P4_M20_9982046_2x20
J33,6,ZERO_P6,GND,HAT直接插接，全40同号；26非GPIO,box:HAT_P4_M20_9982046_2x20
J33,7,ZERO_P7,Z_GPIO3_C4,HAT直接插接，全40同号；26非GPIO,box:HAT_P4_M20_9982046_2x20
J33,8,ZERO_P8,Z_GPIO0_D1,HAT直接插接，全40同号；26非GPIO,box:HAT_P4_M20_9982046_2x20
J33,9,ZERO_P9,GND,HAT直接插接，全40同号；26非GPIO,box:HAT_P4_M20_9982046_2x20
J33,10,ZERO_P10,Z_GPIO0_D0,HAT直接插接，全40同号；26非GPIO,box:HAT_P4_M20_9982046_2x20
J33,11,ZERO_P11,Z_GPIO3_A1,HAT直接插接，全40同号；26非GPIO,box:HAT_P4_M20_9982046_2x20
J33,12,ZERO_P12,Z_GPIO3_A3,HAT直接插接，全40同号；26非GPIO,box:HAT_P4_M20_9982046_2x20
J33,13,ZERO_P13,Z_GPIO3_A2,HAT直接插接，全40同号；26非GPIO,box:HAT_P4_M20_9982046_2x20
J33,14,ZERO_P14,GND,HAT直接插接，全40同号；26非GPIO,box:HAT_P4_M20_9982046_2x20
J33,15,ZERO_P15,Z_GPIO3_B0,HAT直接插接，全40同号；26非GPIO,box:HAT_P4_M20_9982046_2x20
J33,16,ZERO_P16,Z_GPIO3_B1,HAT直接插接，全40同号；26非GPIO,box:HAT_P4_M20_9982046_2x20
J33,17,ZERO_P17,+3V3_ZERO,HAT直接插接，全40同号；26非GPIO,box:HAT_P4_M20_9982046_2x20
J33,18,ZERO_P18,Z_GPIO3_B2,HAT直接插接，全40同号；26非GPIO,box:HAT_P4_M20_9982046_2x20
J33,19,ZERO_P19,Z_GPIO4_C3,HAT直接插接，全40同号；26非GPIO,box:HAT_P4_M20_9982046_2x20
J33,20,ZERO_P20,GND,HAT直接插接，全40同号；26非GPIO,box:HAT_P4_M20_9982046_2x20
J33,21,ZERO_P21,Z_GPIO4_C5,HAT直接插接，全40同号；26非GPIO,box:HAT_P4_M20_9982046_2x20
J33,22,ZERO_P22,Z_GPIO3_C1,HAT直接插接，全40同号；26非GPIO,box:HAT_P4_M20_9982046_2x20
J33,23,ZERO_P23,Z_GPIO4_C2,HAT直接插接，全40同号；26非GPIO,box:HAT_P4_M20_9982046_2x20
J33,24,ZERO_P24,Z_GPIO4_C6,HAT直接插接，全40同号；26非GPIO,box:HAT_P4_M20_9982046_2x20
J33,25,ZERO_P25,GND,HAT直接插接，全40同号；26非GPIO,box:HAT_P4_M20_9982046_2x20
J33,26,ZERO_P26,Z_PHYSICAL26_NC_COPY,HAT直接插接，全40同号；26非GPIO,box:HAT_P4_M20_9982046_2x20
J33,27,ZERO_P27,Z_GPIO4_B2,HAT直接插接，全40同号；26非GPIO,box:HAT_P4_M20_9982046_2x20
J33,28,ZERO_P28,Z_GPIO4_B3,HAT直接插接，全40同号；26非GPIO,box:HAT_P4_M20_9982046_2x20
J33,29,ZERO_P29,Z_GPIO3_B3,HAT直接插接，全40同号；26非GPIO,box:HAT_P4_M20_9982046_2x20
J33,30,ZERO_P30,GND,HAT直接插接，全40同号；26非GPIO,box:HAT_P4_M20_9982046_2x20
J33,31,ZERO_P31,Z_GPIO3_B4,HAT直接插接，全40同号；26非GPIO,box:HAT_P4_M20_9982046_2x20
J33,32,ZERO_P32,Z_GPIO3_C2,HAT直接插接，全40同号；26非GPIO,box:HAT_P4_M20_9982046_2x20
J33,33,ZERO_P33,Z_GPIO3_C3,HAT直接插接，全40同号；26非GPIO,box:HAT_P4_M20_9982046_2x20
J33,34,ZERO_P34,GND,HAT直接插接，全40同号；26非GPIO,box:HAT_P4_M20_9982046_2x20
J33,35,ZERO_P35,Z_GPIO3_A4,HAT直接插接，全40同号；26非GPIO,box:HAT_P4_M20_9982046_2x20
J33,36,ZERO_P36,Z_GPIO3_A7,HAT直接插接，全40同号；26非GPIO,box:HAT_P4_M20_9982046_2x20
J33,37,ZERO_P37,Z_GPIO1_A4,HAT直接插接，全40同号；26非GPIO,box:HAT_P4_M20_9982046_2x20
J33,38,ZERO_P38,Z_GPIO3_A6,HAT直接插接，全40同号；26非GPIO,box:HAT_P4_M20_9982046_2x20
J33,39,ZERO_P39,GND,HAT直接插接，全40同号；26非GPIO,box:HAT_P4_M20_9982046_2x20
J33,40,ZERO_P40,Z_GPIO3_A5,HAT直接插接，全40同号；26非GPIO,box:HAT_P4_M20_9982046_2x20
J34,1,SCL,S3_D5,H12 罗盘反序转换线,Connector:NS-Tech_Grove_1x04_P2mm_Vertical
J34,2,SDA,S3_D4,H12 罗盘反序转换线,Connector:NS-Tech_Grove_1x04_P2mm_Vertical
J34,3,3V3,+3V3_S3,H12 罗盘反序转换线,Connector:NS-Tech_Grove_1x04_P2mm_Vertical
J34,4,GND,GND,H12 罗盘反序转换线,Connector:NS-Tech_Grove_1x04_P2mm_Vertical
J35,1,VCC,+3V3_S3,OLED直接4针；V/G/CLK/DATA,box:SSW_104_01_G_S_OLED_Parallel
J35,2,GND,GND,OLED直接4针；V/G/CLK/DATA,box:SSW_104_01_G_S_OLED_Parallel
J35,3,SCL,S3_D5,OLED直接4针；V/G/CLK/DATA,box:SSW_104_01_G_S_OLED_Parallel
J35,4,SDA,S3_D4,OLED直接4针；V/G/CLK/DATA,box:SSW_104_01_G_S_OLED_Parallel
J36,1,RADAR TX TO MCU RX,RP_D3,第四雷达空置,Connector:NS-Tech_Grove_1x04_P2mm_Vertical
J36,2,GATED MCU TX TO RADAR RX,RADAR_RR_RX,第四雷达空置,Connector:NS-Tech_Grove_1x04_P2mm_Vertical
J36,3,RADAR_5V,+V_RADAR_SW,第四雷达空置,Connector:NS-Tech_Grove_1x04_P2mm_Vertical
J36,4,GND,GND,第四雷达空置,Connector:NS-Tech_Grove_1x04_P2mm_Vertical
J37,1,SCL,Z_GPIO4_B3,H13 ToF I2C4和同源3V3候选；载板电平待核，驱动已实现,Connector:NS-Tech_Grove_1x04_P2mm_Vertical
J37,2,SDA,Z_GPIO4_B2,H13 ToF I2C4和同源3V3候选；载板电平待核，驱动已实现,Connector:NS-Tech_Grove_1x04_P2mm_Vertical
J37,3,3V3,+3V3_ZERO,H13 ToF I2C4和同源3V3候选；载板电平待核，驱动已实现,Connector:NS-Tech_Grove_1x04_P2mm_Vertical
J37,4,GND,GND,H13 ToF I2C4和同源3V3候选；载板电平待核，驱动已实现,Connector:NS-Tech_Grove_1x04_P2mm_Vertical
J38,1,MCU RX,Z_GPIO4_C6,ZERO UART9已被RP占用；不接第二设备,Connector:NS-Tech_Grove_1x04_P2mm_Vertical
J38,2,MCU TX,Z_GPIO4_C5,ZERO UART9已被RP占用；不接第二设备,Connector:NS-Tech_Grove_1x04_P2mm_Vertical
J38,3,3V3,+3V3_ZERO,ZERO UART9已被RP占用；不接第二设备,Connector:NS-Tech_Grove_1x04_P2mm_Vertical
J38,4,GND,GND,ZERO UART9已被RP占用；不接第二设备,Connector:NS-Tech_Grove_1x04_P2mm_Vertical
J39,1,SCL,S3_D5,S3共享I2C备用，非独立RP总线,Connector:NS-Tech_Grove_1x04_P2mm_Vertical
J39,2,SDA,S3_D4,S3共享I2C备用，非独立RP总线,Connector:NS-Tech_Grove_1x04_P2mm_Vertical
J39,3,3V3,+3V3_S3,S3共享I2C备用，非独立RP总线,Connector:NS-Tech_Grove_1x04_P2mm_Vertical
J39,4,GND,GND,S3共享I2C备用，非独立RP总线,Connector:NS-Tech_Grove_1x04_P2mm_Vertical
J40,1,MCU RX,S3_D9,与右雷达S3_D8/D9共用，空置,Connector:NS-Tech_Grove_1x04_P2mm_Vertical
J40,2,MCU TX,S3_D8,与右雷达S3_D8/D9共用，空置,Connector:NS-Tech_Grove_1x04_P2mm_Vertical
J40,3,3V3,+3V3_S3,与右雷达S3_D8/D9共用，空置,Connector:NS-Tech_Grove_1x04_P2mm_Vertical
J40,4,GND,GND,与右雷达S3_D8/D9共用，空置,Connector:NS-Tech_Grove_1x04_P2mm_Vertical
J41,1,MCU RX,RP_D3,RP UART1与原第四雷达共用；当前空置,Connector:NS-Tech_Grove_1x04_P2mm_Vertical
J41,2,MCU TX,RP_D9,RP UART1与原第四雷达共用；当前空置,Connector:NS-Tech_Grove_1x04_P2mm_Vertical
J41,3,3V3,+3V3_RP,RP UART1与原第四雷达共用；当前空置,Connector:NS-Tech_Grove_1x04_P2mm_Vertical
J41,4,GND,GND,RP UART1与原第四雷达共用；当前空置,Connector:NS-Tech_Grove_1x04_P2mm_Vertical
J42,1,BAT_3S,+VBAT_UPS_SW,电池电压备用输出；无负载，线束可省,Connector_JST:JST_XH_B2B-XH-A_1x02_P2.50mm_Vertical
J42,2,GND,GND,电池电压备用输出；无负载，线束可省,Connector_JST:JST_XH_B2B-XH-A_1x02_P2.50mm_Vertical
J44,1,SW_A,+UPS_SW_A,H03 UPS开关回路；两脚均非地,Connector_JST:JST_XH_B2B-XH-A_1x02_P2.50mm_Vertical
J44,2,SW_B,+VBAT_UPS_SW,H03 UPS开关回路；两脚均非地,Connector_JST:JST_XH_B2B-XH-A_1x02_P2.50mm_Vertical
J46,1,D2,S3_D2,与左雷达TX/RX共用；1TX/2RX，空置,Connector:NS-Tech_Grove_1x04_P2mm_Vertical
J46,2,D3,S3_D3,与左雷达TX/RX共用；1TX/2RX，空置,Connector:NS-Tech_Grove_1x04_P2mm_Vertical
J46,3,3V3,+3V3_S3,与左雷达TX/RX共用；1TX/2RX，空置,Connector:NS-Tech_Grove_1x04_P2mm_Vertical
J46,4,GND,GND,与左雷达TX/RX共用；1TX/2RX，空置,Connector:NS-Tech_Grove_1x04_P2mm_Vertical
J47,1,D1,RP_D1,1脚M1控制已占用；2脚RP_D10备用,Connector:NS-Tech_Grove_1x04_P2mm_Vertical
J47,2,D10,RP_D10,1脚M1控制已占用；2脚RP_D10备用,Connector:NS-Tech_Grove_1x04_P2mm_Vertical
J47,3,3V3,+3V3_RP,1脚M1控制已占用；2脚RP_D10备用,Connector:NS-Tech_Grove_1x04_P2mm_Vertical
J47,4,GND,GND,1脚M1控制已占用；2脚RP_D10备用,Connector:NS-Tech_Grove_1x04_P2mm_Vertical
J50,1,D0,S3_D0,S3并联GPIO；12–20 NC,box:Harwin_M50-3601242_2x12_P1.27_SMT_CENTERED
J50,2,D1,S3_D1,S3并联GPIO；12–20 NC,box:Harwin_M50-3601242_2x12_P1.27_SMT_CENTERED
J50,3,D2,S3_D2,S3并联GPIO；12–20 NC,box:Harwin_M50-3601242_2x12_P1.27_SMT_CENTERED
J50,4,D3,S3_D3,S3并联GPIO；12–20 NC,box:Harwin_M50-3601242_2x12_P1.27_SMT_CENTERED
J50,5,D4,S3_D4,S3并联GPIO；12–20 NC,box:Harwin_M50-3601242_2x12_P1.27_SMT_CENTERED
J50,6,D5,S3_D5,S3并联GPIO；12–20 NC,box:Harwin_M50-3601242_2x12_P1.27_SMT_CENTERED
J50,7,D6,S3_D6,S3并联GPIO；12–20 NC,box:Harwin_M50-3601242_2x12_P1.27_SMT_CENTERED
J50,8,D7,S3_D7,S3并联GPIO；12–20 NC,box:Harwin_M50-3601242_2x12_P1.27_SMT_CENTERED
J50,9,D8,S3_D8,S3并联GPIO；12–20 NC,box:Harwin_M50-3601242_2x12_P1.27_SMT_CENTERED
J50,10,D9,S3_D9,S3并联GPIO；12–20 NC,box:Harwin_M50-3601242_2x12_P1.27_SMT_CENTERED
J50,11,D10,S3_D10,S3并联GPIO；12–20 NC,box:Harwin_M50-3601242_2x12_P1.27_SMT_CENTERED
J50,12,NC,NC,S3并联GPIO；12–20 NC,box:Harwin_M50-3601242_2x12_P1.27_SMT_CENTERED
J50,13,NC,NC,S3并联GPIO；12–20 NC,box:Harwin_M50-3601242_2x12_P1.27_SMT_CENTERED
J50,14,NC,NC,S3并联GPIO；12–20 NC,box:Harwin_M50-3601242_2x12_P1.27_SMT_CENTERED
J50,15,NC,NC,S3并联GPIO；12–20 NC,box:Harwin_M50-3601242_2x12_P1.27_SMT_CENTERED
J50,16,NC,NC,S3并联GPIO；12–20 NC,box:Harwin_M50-3601242_2x12_P1.27_SMT_CENTERED
J50,17,NC,NC,S3并联GPIO；12–20 NC,box:Harwin_M50-3601242_2x12_P1.27_SMT_CENTERED
J50,18,NC,NC,S3并联GPIO；12–20 NC,box:Harwin_M50-3601242_2x12_P1.27_SMT_CENTERED
J50,19,NC,NC,S3并联GPIO；12–20 NC,box:Harwin_M50-3601242_2x12_P1.27_SMT_CENTERED
J50,20,NC,NC,S3并联GPIO；12–20 NC,box:Harwin_M50-3601242_2x12_P1.27_SMT_CENTERED
J50,21,S3_3V3,+3V3_S3,S3并联GPIO；12–20 NC,box:Harwin_M50-3601242_2x12_P1.27_SMT_CENTERED
J50,22,GND,GND,S3并联GPIO；12–20 NC,box:Harwin_M50-3601242_2x12_P1.27_SMT_CENTERED
J50,23,S3_5V,+5V_LOGIC,S3并联GPIO；12–20 NC,box:Harwin_M50-3601242_2x12_P1.27_SMT_CENTERED
J50,24,GND,GND,S3并联GPIO；12–20 NC,box:Harwin_M50-3601242_2x12_P1.27_SMT_CENTERED
J51,1,SW_A,+UPS_SW_A,后DPDT A组常开触点；两脚均非地，不接VI±/VO±电子板,Connector_JST:JST_XH_B2B-XH-A_1x02_P2.50mm_Vertical
J51,2,SW_B,+VBAT_UPS_SW,后DPDT A组常开触点；两脚均非地，不接VI±/VO±电子板,Connector_JST:JST_XH_B2B-XH-A_1x02_P2.50mm_Vertical
J52,1,D0,RP_D0,RP并联GPIO；12–19 NC、20GND，不能照搬J50,box:Harwin_M50-3601242_2x12_P1.27_SMT_CENTERED
J52,2,D1,RP_D1,RP并联GPIO；12–19 NC、20GND，不能照搬J50,box:Harwin_M50-3601242_2x12_P1.27_SMT_CENTERED
J52,3,D2,RP_D2,RP并联GPIO；12–19 NC、20GND，不能照搬J50,box:Harwin_M50-3601242_2x12_P1.27_SMT_CENTERED
J52,4,D3,RP_D3,RP并联GPIO；12–19 NC、20GND，不能照搬J50,box:Harwin_M50-3601242_2x12_P1.27_SMT_CENTERED
J52,5,D4,S3_D4,RP并联GPIO；12–19 NC、20GND，不能照搬J50,box:Harwin_M50-3601242_2x12_P1.27_SMT_CENTERED
J52,6,D5,S3_D5,RP并联GPIO；12–19 NC、20GND，不能照搬J50,box:Harwin_M50-3601242_2x12_P1.27_SMT_CENTERED
J52,7,D6,RP_UART0_TX,RP并联GPIO；12–19 NC、20GND，不能照搬J50,box:Harwin_M50-3601242_2x12_P1.27_SMT_CENTERED
J52,8,D7,RP_UART0_RX,RP并联GPIO；12–19 NC、20GND，不能照搬J50,box:Harwin_M50-3601242_2x12_P1.27_SMT_CENTERED
J52,9,D8,RP_D8,RP并联GPIO；12–19 NC、20GND，不能照搬J50,box:Harwin_M50-3601242_2x12_P1.27_SMT_CENTERED
J52,10,D9,RP_D9,RP并联GPIO；12–19 NC、20GND，不能照搬J50,box:Harwin_M50-3601242_2x12_P1.27_SMT_CENTERED
J52,11,D10,RP_D10,RP并联GPIO；12–19 NC、20GND，不能照搬J50,box:Harwin_M50-3601242_2x12_P1.27_SMT_CENTERED
J52,12,NC,NC,RP并联GPIO；12–19 NC、20GND，不能照搬J50,box:Harwin_M50-3601242_2x12_P1.27_SMT_CENTERED
J52,13,NC,NC,RP并联GPIO；12–19 NC、20GND，不能照搬J50,box:Harwin_M50-3601242_2x12_P1.27_SMT_CENTERED
J52,14,NC,NC,RP并联GPIO；12–19 NC、20GND，不能照搬J50,box:Harwin_M50-3601242_2x12_P1.27_SMT_CENTERED
J52,15,NC,NC,RP并联GPIO；12–19 NC、20GND，不能照搬J50,box:Harwin_M50-3601242_2x12_P1.27_SMT_CENTERED
J52,16,NC,NC,RP并联GPIO；12–19 NC、20GND，不能照搬J50,box:Harwin_M50-3601242_2x12_P1.27_SMT_CENTERED
J52,17,NC,NC,RP并联GPIO；12–19 NC、20GND，不能照搬J50,box:Harwin_M50-3601242_2x12_P1.27_SMT_CENTERED
J52,18,NC,NC,RP并联GPIO；12–19 NC、20GND，不能照搬J50,box:Harwin_M50-3601242_2x12_P1.27_SMT_CENTERED
J52,19,NC,NC,RP并联GPIO；12–19 NC、20GND，不能照搬J50,box:Harwin_M50-3601242_2x12_P1.27_SMT_CENTERED
J52,20,GND,GND,RP并联GPIO；12–19 NC、20GND，不能照搬J50,box:Harwin_M50-3601242_2x12_P1.27_SMT_CENTERED
J52,21,RP_3V3,+3V3_RP,RP并联GPIO；12–19 NC、20GND，不能照搬J50,box:Harwin_M50-3601242_2x12_P1.27_SMT_CENTERED
J52,22,GND,GND,RP并联GPIO；12–19 NC、20GND，不能照搬J50,box:Harwin_M50-3601242_2x12_P1.27_SMT_CENTERED
J52,23,RP_5V,+5V_LOGIC,RP并联GPIO；12–19 NC、20GND，不能照搬J50,box:Harwin_M50-3601242_2x12_P1.27_SMT_CENTERED
J52,24,GND,GND,RP并联GPIO；12–19 NC、20GND，不能照搬J50,box:Harwin_M50-3601242_2x12_P1.27_SMT_CENTERED
J53,1,EYES P2.5 3V3,+3V3_EYES,H07 EYES自身3V3参考,Connector_JST:JST_PH_B2B-PH-K_1x02_P2.00mm_Vertical
J53,2,EYES P2.6 GND,GND,H07 EYES自身3V3参考,Connector_JST:JST_PH_B2B-PH-K_1x02_P2.00mm_Vertical
JP1,1,AON_S3,+5V_AON,两个跳帽1-2和3-4，同一LOGIC5V；不是两路独立隔离,box:Dual_Power_Shunt_2x02
JP1,2,S3_5V,+5V_LOGIC,两个跳帽1-2和3-4，同一LOGIC5V；不是两路独立隔离,box:Dual_Power_Shunt_2x02
JP1,3,AON_RP,+5V_AON,两个跳帽1-2和3-4，同一LOGIC5V；不是两路独立隔离,box:Dual_Power_Shunt_2x02
JP1,4,RP_5V,+5V_LOGIC,两个跳帽1-2和3-4，同一LOGIC5V；不是两路独立隔离,box:Dual_Power_Shunt_2x02
