id,harness,source,target,net,function,color,diameter_mm,estimated_path_mm,electrical_status,route_qualification
H01-01,H01,J1.1,UPS P4.2 REG5V,+5V_AON,+5V_AON,red,1.35,127.1,conditional,ROUTING_STUDY_NOT_ASSEMBLY_QUALIFIED
H01-02,H01,J1.2,UPS P4.1 GND,GND,GND,black,1.35,124.4,conditional,ROUTING_STUDY_NOT_ASSEMBLY_QUALIFIED
H02-01,H02,J3.1,UPS H1 SCL,S3_D5,SCL,yellow,0.8,43.7,conditional,ROUTING_STUDY_NOT_ASSEMBLY_QUALIFIED
H02-02,H02,J3.2,UPS H2 SDA,S3_D4,SDA,green,0.8,43.0,conditional,ROUTING_STUDY_NOT_ASSEMBLY_QUALIFIED
H02-03,H02,J3.4,UPS H5 GND,GND,GND,black,0.8,47.2,conditional,ROUTING_STUDY_NOT_ASSEMBLY_QUALIFIED
H03-01,H03,J44.1,UPS P2.2 SW_A,+UPS_SW_A,+UPS_SW_A,violet,1.35,72.4,conditional,ROUTING_STUDY_NOT_ASSEMBLY_QUALIFIED
H03-02,H03,J44.2,UPS P2.1 SW_B,+VBAT_UPS_SW,+VBAT_UPS_SW,orange,1.35,79.3,conditional,ROUTING_STUDY_NOT_ASSEMBLY_QUALIFIED
H04-01,H04,+DC_12V6_IN SOURCE,UPS P1.2 INPUT+,+DC_12V6_IN,+DC_12V6_IN,red,1.2,81.4,conditional,ROUTING_STUDY_NOT_ASSEMBLY_QUALIFIED
H04-02,H04,GND SOURCE,UPS P1.1 INPUT-,GND,GND,black,1.2,77.0,conditional,ROUTING_STUDY_NOT_ASSEMBLY_QUALIFIED
H05-01,H05,VI- SOURCE,UNCONNECTED VI- staging,VI-,VI-,red,1.0,5.2,unresolved,ROUTING_STUDY_NOT_ASSEMBLY_QUALIFIED
H05-02,H05,VI+ SOURCE,UNCONNECTED VI+ staging,VI+,VI+,red,1.0,5.2,unresolved,ROUTING_STUDY_NOT_ASSEMBLY_QUALIFIED
H05-03,H05,VO- SOURCE,UNCONNECTED VO- staging,VO-,VO-,red,1.0,4.1,unresolved,ROUTING_STUDY_NOT_ASSEMBLY_QUALIFIED
H05-04,H05,VO+ SOURCE,UNCONNECTED VO+ staging,VO+,VO+,red,1.0,4.1,unresolved,ROUTING_STUDY_NOT_ASSEMBLY_QUALIFIED
H06-01,H06,J15.1,LCD1 P2.10 TX,EYES_TX,EYES_TX,green,0.8,72.1,conditional,ROUTING_STUDY_NOT_ASSEMBLY_QUALIFIED
H06-02,H06,J15.2,LCD1 P2.9 RX,EYES_RX,EYES_RX,yellow,0.8,73.8,conditional,ROUTING_STUDY_NOT_ASSEMBLY_QUALIFIED
H06-03,H06,J15.3,LCD1 P2.1 5V,+5V_AON,+5V_AON,red,0.8,79.9,conditional,ROUTING_STUDY_NOT_ASSEMBLY_QUALIFIED
H06-04,H06,J15.4,LCD1 P2.2 GND,GND,GND,black,0.8,81.5,conditional,ROUTING_STUDY_NOT_ASSEMBLY_QUALIFIED
H07-01,H07,J53.1,LCD1 P2.5 3V3 OUT,+3V3_EYES,+3V3_EYES,orange,0.8,77.0,conditional,ROUTING_STUDY_NOT_ASSEMBLY_QUALIFIED
H07-02,H07,J53.2,LCD1 P2.6 GND,GND,GND,black,0.8,77.5,conditional,ROUTING_STUDY_NOT_ASSEMBLY_QUALIFIED
H08-01,H08,J12.1,LEFT Rd03E.3 TX,S3_D3,RADAR_TX,green,0.8,55.6,conditional,ROUTING_STUDY_NOT_ASSEMBLY_QUALIFIED
H08-02,H08,J12.2,LEFT Rd03E.4 RX,RADAR_FL_RX,RADAR_RX,yellow,0.8,57.5,conditional,ROUTING_STUDY_NOT_ASSEMBLY_QUALIFIED
H08-03,H08,J12.3,LEFT Rd03E.1 5V,+V_RADAR_SW,+V_RADAR_SW,red,0.8,55.1,conditional,ROUTING_STUDY_NOT_ASSEMBLY_QUALIFIED
H08-04,H08,J12.4,LEFT Rd03E.2 GND,GND,GND,black,0.8,57.9,conditional,ROUTING_STUDY_NOT_ASSEMBLY_QUALIFIED
H09-01,H09,J13.1,RIGHT Rd03E.3 TX,S3_D9,RADAR_TX,green,0.8,46.4,conditional,ROUTING_STUDY_NOT_ASSEMBLY_QUALIFIED
H09-02,H09,J13.2,RIGHT Rd03E.4 RX,RADAR_FR_RX,RADAR_RX,yellow,0.8,45.1,conditional,ROUTING_STUDY_NOT_ASSEMBLY_QUALIFIED
H09-03,H09,J13.3,RIGHT Rd03E.1 5V,+V_RADAR_SW,+V_RADAR_SW,red,0.8,49.6,conditional,ROUTING_STUDY_NOT_ASSEMBLY_QUALIFIED
H09-04,H09,J13.4,RIGHT Rd03E.2 GND,GND,GND,black,0.8,48.7,conditional,ROUTING_STUDY_NOT_ASSEMBLY_QUALIFIED
H10-01,H10,J14.1,REAR Rd03E.3 TX,S3_D10,RADAR_TX,green,0.8,140.4,conditional,ROUTING_STUDY_NOT_ASSEMBLY_QUALIFIED
H10-02,H10,J14.2,REAR Rd03E.4 RX,RADAR_RL_RX,RADAR_RX,yellow,0.8,140.6,conditional,ROUTING_STUDY_NOT_ASSEMBLY_QUALIFIED
H10-03,H10,J14.3,REAR Rd03E.1 5V,+V_RADAR_SW,+V_RADAR_SW,red,0.8,133.7,conditional,ROUTING_STUDY_NOT_ASSEMBLY_QUALIFIED
H10-04,H10,J14.4,REAR Rd03E.2 GND,GND,GND,black,0.8,137.9,conditional,ROUTING_STUDY_NOT_ASSEMBLY_QUALIFIED
H11-01,H11,J17.1,IMU J4.1 SCL,S3_D5,SCL,yellow,0.8,76.9,conditional,ROUTING_STUDY_NOT_ASSEMBLY_QUALIFIED
H11-02,H11,J17.2,IMU J4.2 SDA,S3_D4,SDA,green,0.8,74.5,conditional,ROUTING_STUDY_NOT_ASSEMBLY_QUALIFIED
H11-03,H11,J17.3,IMU J4.3 VCC,+3V3_S3,+3V3_S3,orange,0.8,73.4,conditional,ROUTING_STUDY_NOT_ASSEMBLY_QUALIFIED
H11-04,H11,J17.4,IMU J4.4 GND,GND,GND,black,0.8,73.5,conditional,ROUTING_STUDY_NOT_ASSEMBLY_QUALIFIED
H12-01,H12,J34.1,COMPASS CN1.4 SCL,S3_D5,SCL,yellow,0.8,69.2,conditional,ROUTING_STUDY_NOT_ASSEMBLY_QUALIFIED
H12-02,H12,J34.2,COMPASS CN1.3 SDA,S3_D4,SDA,green,0.8,66.8,conditional,ROUTING_STUDY_NOT_ASSEMBLY_QUALIFIED
H12-03,H12,J34.3,COMPASS CN1.2 V,+3V3_S3,+3V3_S3,orange,0.8,65.9,conditional,ROUTING_STUDY_NOT_ASSEMBLY_QUALIFIED
H12-04,H12,J34.4,COMPASS CN1.1 G,GND,GND,black,0.8,66.7,conditional,ROUTING_STUDY_NOT_ASSEMBLY_QUALIFIED
H13A-01,H13A,J37.1,ToF P6 SCL candidate,Z_GPIO4_B3,SCL,yellow,0.8,75.7,unresolved,ROUTING_STUDY_NOT_ASSEMBLY_QUALIFIED
H13A-02,H13A,J37.2,ToF P7 SDA candidate,Z_GPIO4_B2,SDA,green,0.8,76.0,unresolved,ROUTING_STUDY_NOT_ASSEMBLY_QUALIFIED
H13B-01,H13B,J37.3,ToF P9 VIN candidate,+3V3_ZERO,+3V3_ZERO,red,0.8,72.8,unresolved,ROUTING_STUDY_NOT_ASSEMBLY_QUALIFIED
H13B-02,H13B,J37.4,ToF P8 GND candidate,GND,GND,black,0.8,75.1,unresolved,ROUTING_STUDY_NOT_ASSEMBLY_QUALIFIED
H14-01,H14,J2.1,FAN B3 pin1 GND black,GND,GND,black,0.8,42.4,conditional,ROUTING_STUDY_NOT_ASSEMBLY_QUALIFIED
H14-02,H14,J2.2,FAN B3 pin2 +5V yellow,+5V_HOST,+5V_HOST,yellow,0.8,41.0,conditional,ROUTING_STUDY_NOT_ASSEMBLY_QUALIFIED
H14-03,H14,J2.3,FAN B3 pin3 FG green,Z_GPIO3_A1,TACH,green,0.8,41.2,conditional,ROUTING_STUDY_NOT_ASSEMBLY_QUALIFIED
H14-04,H14,J2.4,FAN B3 pin4 PWM blue,FAN_PWM_5V,PWM,blue,0.8,43.1,conditional,ROUTING_STUDY_NOT_ASSEMBLY_QUALIFIED
H15-01,H15,USB_VBUS SOURCE,XVF3800 USB VBUS,USB_VBUS,USB_VBUS,red,0.7,82.5,conditional,ROUTING_STUDY_NOT_ASSEMBLY_QUALIFIED
H15-02,H15,USB_DM SOURCE,XVF3800 USB D-,USB_DM,USB_DM,white,0.7,84.2,conditional,ROUTING_STUDY_NOT_ASSEMBLY_QUALIFIED
H15-03,H15,USB_DP SOURCE,XVF3800 USB D+,USB_DP,USB_DP,green,0.7,86.8,conditional,ROUTING_STUDY_NOT_ASSEMBLY_QUALIFIED
H15-04,H15,USB_GND SOURCE,XVF3800 USB GND,USB_GND,USB_GND,black,0.7,90.1,conditional,ROUTING_STUDY_NOT_ASSEMBLY_QUALIFIED
H16-01,H16,SPK+ SOURCE,SPEAKER +,SPK+,SPK+,pink,0.65,139.4,conditional,ROUTING_STUDY_NOT_ASSEMBLY_QUALIFIED
H16-02,H16,SPK- SOURCE,SPEAKER -,SPK-,SPK-,white,0.65,139.1,conditional,ROUTING_STUDY_NOT_ASSEMBLY_QUALIFIED
H17-01,H17,CSI_FFC SOURCE,B0310 CSI FFC,CSI_FFC,CSI_FFC,sand,0.35,54.0,user_confirmed,ROUTING_STUDY_NOT_ASSEMBLY_QUALIFIED
