Reference,Value,Side,X_mm,Y_mm,Angle,MPN,Assembly_notes
J1,UPS REGULATED 5V,F,115.799984,139.425,0.0,B2B-XH-A(LF)(SN),"Short harness, no direct board mating. PCB-end XHP-2/SXH-001T-P0.6; UPS-end original compatible plug. Preserve documented per-pin polarity."
M1,M1 / 5V RELAY / ZERO + HAT,F,111.4,96.9,90.0,,HAND SOLDER complete module; no factory reflow of module. Use COM/NO; NC unused. LOW command turns relay ON. Both <4A and40W apply; this is not a4A whole-board rating. JST XH path is limited to3A with specified contact/wire. User authorizes geometric estimates.
JP1,COMMON CTRL 5V LINK / TWO SHUNTS,F,64.000001,132.0,0.0,,Both output pads joined to +5V_LOGIC. Remove both links for service; unplug both XIAOs for USB programming.
J2,ZERO FAN / NOCTUA 5V PWM / 4P,F,54.5,124.689999,-90.0,47053-1000,"Standard keyed 2.54mm 4-pin fan header compatible with Noctua NF-A4x10 5V PWM. 1=GND,2=HOST5V via M1,3=tach to ZERO physical11 GPIO3_A1,4=PWM from physical7 PWM14_M0. Tach input needs ZERO3V3 pull-up (internal GPIO pull-up may be enabled). Target PWM25kHz. Factory wire functions and compatible header family follow Noctua white paper pp2-3. GPIO reset/off-state and actual fan sample waveform qualification remain pending; no firmware implemented. Located in the left side interface column."
M2,M2 / 5V RELAY / FOUR LD2450,F,135.65,96.9,90.0,,HAND SOLDER complete module; no factory reflow of module. Use COM/NO; NC unused. LOW command turns relay ON. Both <4A and40W apply; this is not a4A whole-board rating. JST XH path is limited to3A with specified contact/wire. User authorizes geometric estimates.
J5,Radxa ZERO 3W SOCKET,F,61.05,94.044083,0.0,,selected
J7,S3 / Seeed XIAO SOCKET14,F,111.4,101.1,0.0,,Original14-pin direct socket only; no bottom-pad or adapter connection.
J10,RP / Seeed XIAO SOCKET14,F,135.65,101.1,0.0,,Original14-pin direct socket only. D0 GPIO26 front button; D1 GPIO27 host relay; D2 GPIO28 mux A EN; D3 GPIO5 UART1 RX rear-right radar; D4 GPIO6 shared I2C SDA; D5 GPIO7 shared I2C SCL; D6 GPIO0 UART0 TX to ZERO; D7 GPIO1 UART0 RX from ZERO; D8 GPIO2 mux B EN; D9 GPIO4 UART1 TX rear-right radar; D10 GPIO3 spare breakout. No bottom-pad or adapter connection. Firmware configuration is outside this PCB task.
J28,MUX / FRONT PAIR TX GATE,F,111.4,120.5,90.0,Taobao-1011201977739,"CD4052B assumed EN=INHIBIT. A=B=0; TX0 and RX0 are separate analog channels, both used toward radar RX inputs. VCC=AON 5V. Verify module truth table on sample."
J29,MUX / REAR PAIR TX GATE,F,135.65,120.5,90.0,Taobao-1011201977739,"CD4052B assumed EN=INHIBIT. A=B=0; TX0 and RX0 are separate analog channels, both used toward radar RX inputs. VCC=AON 5V. Verify module truth table on sample."
J15,EYES,F,104.599997,61.700002,0.0,1125S-4P,"Existing Grove shell, NS-Tech 1125S-4P; Seeed SKU110990030 is a pack of10. Drawing: 2mm pitch, 0.8mm hole with +/-0.15 general tolerance; carrier uses0.90mm finished holes. Follow this board pin table: shell compatibility does not imply identical signal/power pinouts."
J16,SEN0628 / UART4,F,104.600001,73.000001,0.0,1125S-4P,"Existing Grove shell, NS-Tech 1125S-4P; Seeed SKU110990030 is a pack of10. Drawing: 2mm pitch, 0.8mm hole with +/-0.15 general tolerance; carrier uses0.90mm finished holes. Follow this board pin table: shell compatibility does not imply identical signal/power pinouts."
J17,IMU,F,124.499976,55.6,90.0,1125S-4P,"Existing Grove shell, NS-Tech 1125S-4P; Seeed SKU110990030 is a pack of10. Drawing: 2mm pitch, 0.8mm hole with +/-0.15 general tolerance; carrier uses0.90mm finished holes. Follow this board pin table: shell compatibility does not imply identical signal/power pinouts."
J19,FRONT BUTTON,F,113.199976,55.599997,90.0,1125S-4P,"Existing Grove shell, NS-Tech 1125S-4P; Seeed SKU110990030 is a pack of10. Drawing: 2mm pitch, 0.8mm hole with +/-0.15 general tolerance; carrier uses0.90mm finished holes. Follow this board pin table: shell compatibility does not imply identical signal/power pinouts."
J34,S3 I2C,F,54.600005,100.5,0.0,1125S-4P,"Existing Grove shell, NS-Tech 1125S-4P; Seeed SKU110990030 is a pack of10. Drawing: 2mm pitch, 0.8mm hole with +/-0.15 general tolerance; carrier uses0.90mm finished holes. Follow this board pin table: shell compatibility does not imply identical signal/power pinouts."
J35,OLED / PARALLEL / SCREEN UP,F,111.78,74.0,90.0,SSW-104-01-G-S,"F-side straight female socket; OLED parallel to motherboard, screen up. VCC/GND/SCL/SDA preserved. Male pin length and module seating remain sample-qualified."
J36,LD2450 / REAR RIGHT,F,149.399992,132.699999,180.0,1125S-4P,"Existing Grove shell, NS-Tech 1125S-4P; Seeed SKU110990030 is a pack of10. Drawing: 2mm pitch, 0.8mm hole with +/-0.15 general tolerance; carrier uses0.90mm finished holes. Follow this board pin table: shell compatibility does not imply identical signal/power pinouts."
J37,ZERO I2C4,F,54.599999,75.5,0.0,1125S-4P,"Existing Grove shell, NS-Tech 1125S-4P; Seeed SKU110990030 is a pack of10. Drawing: 2mm pitch, 0.8mm hole with +/-0.15 general tolerance; carrier uses0.90mm finished holes. Follow this board pin table: shell compatibility does not imply identical signal/power pinouts."
J38,ZERO RP UART9,F,54.600006,88.000002,0.0,1125S-4P,"Existing Grove shell, NS-Tech 1125S-4P; Seeed SKU110990030 is a pack of10. Drawing: 2mm pitch, 0.8mm hole with +/-0.15 general tolerance; carrier uses0.90mm finished holes. Follow this board pin table: shell compatibility does not imply identical signal/power pinouts."
J39,RP I2C SHARED,F,132.699996,132.1,90.0,1125S-4P,"Existing Grove shell, NS-Tech 1125S-4P; Seeed SKU110990030 is a pack of10. Drawing: 2mm pitch, 0.8mm hole with +/-0.15 general tolerance; carrier uses0.90mm finished holes. Follow this board pin table: shell compatibility does not imply identical signal/power pinouts."
J40,S3 UART A,F,149.399998,93.699999,180.0,1125S-4P,"Existing Grove shell, NS-Tech 1125S-4P; Seeed SKU110990030 is a pack of10. Drawing: 2mm pitch, 0.8mm hole with +/-0.15 general tolerance; carrier uses0.90mm finished holes. Follow this board pin table: shell compatibility does not imply identical signal/power pinouts."
J41,RP UART1,F,149.4,106.7,180.0,1125S-4P,"Existing Grove shell, NS-Tech 1125S-4P; Seeed SKU110990030 is a pack of10. Drawing: 2mm pitch, 0.8mm hole with +/-0.15 general tolerance; carrier uses0.90mm finished holes. Follow this board pin table: shell compatibility does not imply identical signal/power pinouts."
TP1,GND,F,60.3,135.2,0,,carrier connector pin assignment
TP2,A5V,F,62.5,127.5,0.0,,carrier connector pin assignment
TP3,H5V,F,76.0,66.0,0.0,,carrier connector pin assignment
TP11,RADV,F,68.5,135.2,0,,carrier connector pin assignment
TP6,S3V3,F,65.5,127.5,0.0,,carrier connector pin assignment
TP5,RP3V3,F,90.0,127.5,0.0,,carrier connector pin assignment
TP4,Z3V3,F,93.0,99.25,0,,carrier connector pin assignment
TP9,RELAY_EN,F,60.3,141.2,0,,Test access to RP D1 GPIO27 ZERO relay command. Firmware safe shutdown/wake is outside this PCB task.
TP10,GND,F,70.0,130.5,0.0,,carrier connector pin assignment
TP7,ZTX,F,74,130.5,0,,carrier connector pin assignment
TP8,ZRX,F,78,130.5,0,,carrier connector pin assignment
TP13,BAT,F,74,133,0,,carrier connector pin assignment
J42,UPS BAT OUT,F,125.399978,139.424997,0.0,B2B-XH-A(LF)(SN),"Short harness, no direct board mating. PCB-end XHP-2/SXH-001T-P0.6; UPS-end original compatible plug. Preserve documented per-pin polarity."
J44,UPS SWITCH LOOP,F,134.999978,139.424996,0.0,B2B-XH-A(LF)(SN),"Short harness, no direct board mating. PCB-end XHP-2/SXH-001T-P0.6; UPS-end original compatible plug. Preserve documented per-pin polarity. This is a battery switch loop: neither switch pin is GND. Momentary NO panel switch carries startup current; exact DC/inrush rating remains unmeasured."
J3,UPS I2C STATUS,F,149.399995,67.7,180.0,1125S-4P,"Existing Grove shell, NS-Tech 1125S-4P; Seeed SKU110990030 is a pack of10. Drawing: 2mm pitch, 0.8mm hole with +/-0.15 general tolerance; carrier uses0.90mm finished holes. Follow this board pin table: shell compatibility does not imply identical signal/power pinouts."
J33,ZERO GPIO COPY / FULL40 1:1,B,86.17,94.044083,180.0,M20-9982046,"All40 physical contacts copy J5 same-number pin, including rails and GND. Pin26 copies ZERO's NC contact; it is not a GPIO. HAT removable. No connection to S3 I2C or AON5. Pin mux, current and specific expansion compatibility need qualification."
J12,LD2450 / FRONT LEFT,F,54.6,63.000002,0.0,1125S-4P,"Existing Grove shell, NS-Tech 1125S-4P; Seeed SKU110990030 is a pack of10. Drawing: 2mm pitch, 0.8mm hole with +/-0.15 general tolerance; carrier uses0.90mm finished holes. Follow this board pin table: shell compatibility does not imply identical signal/power pinouts."
J13,LD2450 / FRONT RIGHT,F,149.399998,80.700002,180.0,1125S-4P,"Existing Grove shell, NS-Tech 1125S-4P; Seeed SKU110990030 is a pack of10. Drawing: 2mm pitch, 0.8mm hole with +/-0.15 general tolerance; carrier uses0.90mm finished holes. Follow this board pin table: shell compatibility does not imply identical signal/power pinouts."
J14,LD2450 / REAR LEFT,F,54.599992,112.999998,0.0,1125S-4P,"Existing Grove shell, NS-Tech 1125S-4P; Seeed SKU110990030 is a pack of10. Drawing: 2mm pitch, 0.8mm hole with +/-0.15 general tolerance; carrier uses0.90mm finished holes. Follow this board pin table: shell compatibility does not imply identical signal/power pinouts."
J46,S3 D2 D3 / FRONT LEFT UART,F,118.279996,132.100006,90.0,1125S-4P,"Existing Grove shell, NS-Tech 1125S-4P; Seeed SKU110990030 is a pack of10. Drawing: 2mm pitch, 0.8mm hole with +/-0.15 general tolerance; carrier uses0.90mm finished holes. Follow this board pin table: shell compatibility does not imply identical signal/power pinouts."
J47,RP D1 / ZERO RELAY,F,149.400006,119.700004,180.0,1125S-4P,"Existing Grove shell, NS-Tech 1125S-4P; Seeed SKU110990030 is a pack of10. Drawing: 2mm pitch, 0.8mm hole with +/-0.15 general tolerance; carrier uses0.90mm finished holes. Follow this board pin table: shell compatibility does not imply identical signal/power pinouts."
J50,S3 EDGE GPIO D0-D10 / AUX NC,F,91.119997,132.450001,90.0,M50-3601242,"Original D0-D10 edge GPIO only. Existing24-contact connector retained. Former extra GPIO contacts are NC; power/GND contacts retain numbering. Signals already used by onboard functions remain shared. Placed in the rear connector bank, clear of the airflow corridor."
M15,COMPLETE BLUE 4CH LEVEL MODULE / 15.2x12.2,F,75.84998,58.5,180.0,,Existing complete module. MAIN now RP_D2; TOF now RP_D8. RP and S3 share 5V_LOGIC; their 3V3 outputs remain separate.
M16,M16 / MAIN HOLD / MODULE <4A 40W,F,129.5,66.1,0.0,,HAND SOLDER complete module; no factory reflow of module. Use COM/NO; NC unused. LOW command turns relay ON. Both <4A and40W apply; this is not a4A whole-board rating. JST XH path is limited to3A with specified contact/wire. User authorizes geometric estimates.
M17,M17 / 5V RELAY / SEN0628 TOF,F,129.5,76.65,0.0,,HAND SOLDER complete module; no factory reflow of module. Use COM/NO; NC unused. LOW command turns relay ON. Both <4A and40W apply; this is not a4A whole-board rating. JST XH path is limited to3A with specified contact/wire. User authorizes geometric estimates.
J51,PANEL START / MOMENTARY NO,F,106.199981,139.424997,0.0,B2B-XH-A(LF)(SN),"Fifth header is external momentary START, behind ZERO. Not connected to a fifth UPS port. This is a battery switch loop: neither switch pin is GND. Momentary NO panel switch carries startup current; exact DC/inrush rating remains unmeasured."
J52,RP EDGE GPIO D0-D10 / AUX NC,F,107.46,132.45,90.0,M50-3601242,"Original D0-D10 edge GPIO only. Existing24-contact connector retained. Former extra GPIO contacts are NC; power/GND contacts retain numbering. Signals already used by onboard functions remain shared. Placed in the rear connector bank, clear of the airflow corridor."
M20,ZERO RP UART9 / ADUM1201,B,73.5,66,90,LA161062,"HAND SOLDER complete module on B, left of UPS. No sockets/tall headers. Nominal mounting depth <=4.0mm. Original 6mm UPS spacers."
M21,ZERO EYES UART5 / ADUM1201,B,73.5,91,90,LA161062,"HAND SOLDER complete module on B, left of UPS. No sockets/tall headers. Nominal mounting depth <=4.0mm. Original 6mm UPS spacers."
M22,ZERO TOF UART4 / ADUM1201,B,73.5,116,90,LA161062,"HAND SOLDER complete module on B, left of UPS. No sockets/tall headers. Nominal mounting depth <=4.0mm. Original 6mm UPS spacers."
J53,EYES 3V3 REFERENCE INPUT,F,93.5,60.8,0,B2B-PH-K-S,Reference only; paired harness to eyes P2.5 and P2.6
M42,FAN PWM / POLOLU 2990,B,73.5,135.5,90,2990,"HAND SOLDER complete module on B, left of UPS. No sockets/tall headers. Nominal mounting depth <=4.0mm. Original 6mm UPS spacers."
