Reference,Qty,Value,Footprint,MPN,Manufacturer,Chosen_Distributor,Datasheet,Validated,DNP,Notes,Assembly_location,Verification,Rating,Photo_marking
J1,1,UPS REGULATED 5V,Connector_JST:JST_XH_B2B-XH-A_1x02_P2.50mm_Vertical,B2B-XH-A(LF)(SN),JST,,https://www.jst-mfg.com/product/pdf/eng/eXH.pdf,Engineering only; hardware unqualified,,"JST XH 2.50mm PCB male header; short cable connection selected by user. Motherboard mate XHP-2 + SXH-001T-P0.6. Use the actual UPS supplied mating plug on the UPS end; vendor phrase XH2.54 is not the PCB pitch specification. Existing pin-to-net allocation retained; qualify cable polarity and total current. Placed in the rear connector bank, clear of the airflow corridor. Rating: 3 A AC/DC with AWG22 per JST XH; not a 5 A connector rating",Carrier F,"JST XH 2.50mm PCB male header; short cable connection selected by user. Motherboard mate XHP-2 + SXH-001T-P0.6. Use the actual UPS supplied mating plug on the UPS end; vendor phrase XH2.54 is not the PCB pitch specification. Existing pin-to-net allocation retained; qualify cable polarity and total current. Placed in the rear connector bank, clear of the airflow corridor.",3 A AC/DC with AWG22 per JST XH; not a 5 A connector rating,
J2,1,ZERO FAN / NOCTUA 5V PWM / 4P,Connector:FanPinHeader_1x04_P2.54mm_Vertical,47053-1000,Molex,,https://cdn.noctua.at/media/Noctua_PWM_specifications_white_paper.pdf,Engineering only; hardware unqualified,,"Noctua 4-pin header:1=GND,2=HOST5V via M1,3=tach to ZERO physical11 GPIO3_A1, 4=5V PWM from M42 OUT1. ZERO physical7 PWM14_M0 drives M42 PHASE at25kHz; fan duty=1-PHASE duty. Tach pullup uses ZERO3V3 only. Reset PHASE low requests full speed once rails are established; waveform bench test pending.",Carrier F,"Noctua 4-pin header:1=GND,2=HOST5V via M1,3=tach to ZERO physical11 GPIO3_A1, 4=5V PWM from M42 OUT1. ZERO physical7 PWM14_M0 drives M42 PHASE at25kHz; fan duty=1-PHASE duty. Tach pullup uses ZERO3V3 only. Reset PHASE low requests full speed once rails are established; waveform bench test pending.",,
J3,1,UPS I2C STATUS,box:NS-Tech_Grove_1x04_P2mm_Vertical_J3_SilkClearance,1125S-4P,Shenzhen NS-Tech,,https://statics3.seeedstudio.com/images/opl/datasheet/3470130P1.pdf,Engineering only; hardware unqualified,,Three-wire status cable to UPS physical-photo header1SCL/2SDA/5GND. Pad3 isolated: UPS3V3 output is not paralleled with S3. UPS external I2C selector must be3V3. Located in the right side interface column. Rating: 2A contact rating per vendor drawing; rail/module limit also applies,Carrier F,Three-wire status cable to UPS physical-photo header1SCL/2SDA/5GND. Pad3 isolated: UPS3V3 output is not paralleled with S3. UPS external I2C selector must be3V3. Located in the right side interface column.,2A contact rating per vendor drawing; rail/module limit also applies,
J5,1,Radxa ZERO 3W SOCKET,box:Zero_socket40_PROVISIONAL,,,,,Engineering only; hardware unqualified,,selected Controller socket; account for the actual controller board separately. Not an extra controller.,Carrier F,selected,,
J7,1,S3 / Seeed XIAO SOCKET14,box:Seeed_XIAO_14pin_Socket,,Seeed Studio,,,Engineering only; hardware unqualified,,Original14-pin direct socket only; no bottom-pad or adapter connection. Controller socket; account for the actual controller board separately. Not an extra controller.,Carrier F,Original14-pin direct socket only; no bottom-pad or adapter connection.,,
J10,1,RP / Seeed XIAO SOCKET14,box:Seeed_XIAO_14pin_Socket,,Seeed Studio,,,Engineering only; hardware unqualified,,Original14-pin socket. D0 GPIO26 front button; D1 GPIO27 M1 HOST; D2 GPIO28 M16 MAIN HOLD; D3 GPIO5 rear-right UART RX; D4 GPIO6 shared I2C SDA; D5 GPIO7 shared I2C SCL; D6 GPIO0 UART0 TX to ZERO through M20; D7 GPIO1 UART0 RX through M20; D8 GPIO2 M17 TOF; D9 GPIO4 rear-right UART TX; D10 GPIO3 spare breakout. No bottom-pad adapter. Use control/pin_and_power_contract.json. Controller socket; account for the actual controller board separately. Not an extra controller.,Carrier F,Original14-pin socket. D0 GPIO26 front button; D1 GPIO27 M1 HOST; D2 GPIO28 M16 MAIN HOLD; D3 GPIO5 rear-right UART RX; D4 GPIO6 shared I2C SDA; D5 GPIO7 shared I2C SCL; D6 GPIO0 UART0 TX to ZERO through M20; D7 GPIO1 UART0 RX through M20; D8 GPIO2 M17 TOF; D9 GPIO4 rear-right UART TX; D10 GPIO3 spare breakout. No bottom-pad adapter. Use control/pin_and_power_contract.json.,,
J12,1,LD2450 / FRONT LEFT,Connector:NS-Tech_Grove_1x04_P2mm_Vertical,1125S-4P,Shenzhen NS-Tech,,https://statics3.seeedstudio.com/images/opl/datasheet/3470130P1.pdf,Engineering only; hardware unqualified,,"Remote FRONT LEFT HLK-LD2450 through a four-wire harness. Carrier Grove4P 2mm: 1=sensorTX,2=sensorRX,3=M2 switched5V,4=GND. Radar factory plug is not Grove: use matching sensor cable end and map by signal labels. 3.3V UART, default256000 8N1. No radar body mounted to motherboard. Exterior 3D-printed bracket is separate work; user requests upright, diagonally outward corner mounting. Located in the left side interface column. Rating: 2A contact rating per vendor drawing; rail/module limit also applies",Carrier F,"Remote FRONT LEFT HLK-LD2450 through a four-wire harness. Carrier Grove4P 2mm: 1=sensorTX,2=sensorRX,3=M2 switched5V,4=GND. Radar factory plug is not Grove: use matching sensor cable end and map by signal labels. 3.3V UART, default256000 8N1. No radar body mounted to motherboard. Exterior 3D-printed bracket is separate work; user requests upright, diagonally outward corner mounting. Located in the left side interface column.",2A contact rating per vendor drawing; rail/module limit also applies,
J13,1,LD2450 / FRONT RIGHT,Connector:NS-Tech_Grove_1x04_P2mm_Vertical,1125S-4P,Shenzhen NS-Tech,,https://statics3.seeedstudio.com/images/opl/datasheet/3470130P1.pdf,Engineering only; hardware unqualified,,"Remote FRONT RIGHT HLK-LD2450 through a four-wire harness. Carrier Grove4P 2mm: 1=sensorTX,2=sensorRX,3=M2 switched5V,4=GND. Radar factory plug is not Grove: use matching sensor cable end and map by signal labels. 3.3V UART, default256000 8N1. No radar body mounted to motherboard. Exterior 3D-printed bracket is separate work; user requests upright, diagonally outward corner mounting. Located in the right side interface column. Rating: 2A contact rating per vendor drawing; rail/module limit also applies",Carrier F,"Remote FRONT RIGHT HLK-LD2450 through a four-wire harness. Carrier Grove4P 2mm: 1=sensorTX,2=sensorRX,3=M2 switched5V,4=GND. Radar factory plug is not Grove: use matching sensor cable end and map by signal labels. 3.3V UART, default256000 8N1. No radar body mounted to motherboard. Exterior 3D-printed bracket is separate work; user requests upright, diagonally outward corner mounting. Located in the right side interface column.",2A contact rating per vendor drawing; rail/module limit also applies,
J14,1,LD2450 / REAR LEFT,Connector:NS-Tech_Grove_1x04_P2mm_Vertical,1125S-4P,Shenzhen NS-Tech,,https://statics3.seeedstudio.com/images/opl/datasheet/3470130P1.pdf,Engineering only; hardware unqualified,,"Remote REAR LEFT HLK-LD2450 through a four-wire harness. Carrier Grove4P 2mm: 1=sensorTX,2=sensorRX,3=M2 switched5V,4=GND. Radar factory plug is not Grove: use matching sensor cable end and map by signal labels. 3.3V UART, default256000 8N1. No radar body mounted to motherboard. Exterior 3D-printed bracket is separate work; user requests upright, diagonally outward corner mounting. Located in the left side interface column. Rating: 2A contact rating per vendor drawing; rail/module limit also applies",Carrier F,"Remote REAR LEFT HLK-LD2450 through a four-wire harness. Carrier Grove4P 2mm: 1=sensorTX,2=sensorRX,3=M2 switched5V,4=GND. Radar factory plug is not Grove: use matching sensor cable end and map by signal labels. 3.3V UART, default256000 8N1. No radar body mounted to motherboard. Exterior 3D-printed bracket is separate work; user requests upright, diagonally outward corner mounting. Located in the left side interface column.",2A contact rating per vendor drawing; rail/module limit also applies,
J15,1,EYES,Connector:NS-Tech_Grove_1x04_P2mm_Vertical,1125S-4P,Shenzhen NS-Tech,,https://statics3.seeedstudio.com/images/opl/datasheet/3470130P1.pdf,Engineering only; hardware unqualified,,"1=LCD TX,2=LCD RX,3=system 5V downstream of total-power relay,4=GND. LCD powered whenever whole-device supply is on; no separate LCD power cutoff. ZERO UART5 retained; display content is provided by existing LCD firmware. Located in the front connector bank; existing pin allocation retained. Rating: 2A contact rating per vendor drawing; rail/module limit also applies",Carrier F,"1=LCD TX,2=LCD RX,3=system 5V downstream of total-power relay,4=GND. LCD powered whenever whole-device supply is on; no separate LCD power cutoff. ZERO UART5 retained; display content is provided by existing LCD firmware. Located in the front connector bank; existing pin allocation retained.",2A contact rating per vendor drawing; rail/module limit also applies,
J16,1,SEN0628 / UART4,Connector:NS-Tech_Grove_1x04_P2mm_Vertical,1125S-4P,Shenzhen NS-Tech,,https://statics3.seeedstudio.com/images/opl/datasheet/3470130P1.pdf,Engineering only; hardware unqualified,,"1=TOF TX,2=TOF RX,3=TOF3V3_SW through M17,4GND. Sensor3/4 power contacts crossed. Located in the front connector bank; existing pin allocation retained. Rating: 2A contact rating per vendor drawing; rail/module limit also applies",Carrier F,"1=TOF TX,2=TOF RX,3=TOF3V3_SW through M17,4GND. Sensor3/4 power contacts crossed. Located in the front connector bank; existing pin allocation retained.",2A contact rating per vendor drawing; rail/module limit also applies,
J17,1,IMU,Connector:NS-Tech_Grove_1x04_P2mm_Vertical,1125S-4P,Shenzhen NS-Tech,,https://statics3.seeedstudio.com/images/opl/datasheet/3470130P1.pdf,Engineering only; hardware unqualified,,Existing Grove LSM6DS3 v1.0 J4 direct 1:1 Grove cable. SCL/SDA pullups are supplied by the same S3_3V3 rail as this port. No extra level shifter. Located in the front connector bank; existing pin allocation retained. Rating: 2A contact rating per vendor drawing; rail/module limit also applies,Carrier F,Existing Grove LSM6DS3 v1.0 J4 direct 1:1 Grove cable. SCL/SDA pullups are supplied by the same S3_3V3 rail as this port. No extra level shifter. Located in the front connector bank; existing pin allocation retained.,2A contact rating per vendor drawing; rail/module limit also applies,
J19,1,FRONT BUTTON,Connector:NS-Tech_Grove_1x04_P2mm_Vertical,1125S-4P,Shenzhen NS-Tech,,https://statics3.seeedstudio.com/images/opl/datasheet/3470130P1.pdf,Engineering only; hardware unqualified,,Front button input reassigned to RP D0 GPIO26 on original14-pin socket. Located in the front connector bank; existing pin allocation retained. Rating: 2A contact rating per vendor drawing; rail/module limit also applies,Carrier F,Front button input reassigned to RP D0 GPIO26 on original14-pin socket. Located in the front connector bank; existing pin allocation retained.,2A contact rating per vendor drawing; rail/module limit also applies,
J28,1,MUX / FRONT PAIR TX GATE,box:UART_MUX_SOCKET_16_USER_PINOUT,Taobao-1011201977739,User-selected TTL multiplexer module,,,Engineering only; hardware unqualified,,CD4052B EN=INHIBIT per recorded user pin map. A=B=0; both switches gate MCU TX. VCC=AON 5V. M2 NC supplies EN high when radar is off; built-in module pulldowns enable when NC opens. Qualify actual module revision.,Carrier F,CD4052B EN=INHIBIT per recorded user pin map. A=B=0; both switches gate MCU TX. VCC=AON 5V. M2 NC supplies EN high when radar is off; built-in module pulldowns enable when NC opens. Qualify actual module revision.,,
J29,1,MUX / REAR PAIR TX GATE,box:UART_MUX_SOCKET_16_USER_PINOUT,Taobao-1011201977739,User-selected TTL multiplexer module,,,Engineering only; hardware unqualified,,CD4052B EN=INHIBIT per recorded user pin map. A=B=0; both switches gate MCU TX. VCC=AON 5V. M2 NC supplies EN high when radar is off; built-in module pulldowns enable when NC opens. Qualify actual module revision.,Carrier F,CD4052B EN=INHIBIT per recorded user pin map. A=B=0; both switches gate MCU TX. VCC=AON 5V. M2 NC supplies EN high when radar is off; built-in module pulldowns enable when NC opens. Qualify actual module revision.,,
J33,1,ZERO GPIO COPY / FULL40 1:1,box:HAT_P4_M20_9982046_2x20,M20-9982046,Harwin,,https://content.harwin.com/asset/1590d228-db5c-4836-ab0c-0f146730b624/DRG-00478-Technical-Drawing-Datasheet-M20-998-pdf.pdf,Engineering only; hardware unqualified,,"All40 physical contacts copy J5 same-number pin, including rails and GND. Pin26 copies ZERO's NC contact; it is not a GPIO. HAT removable. No connection to S3 I2C or AON5. Pin mux, current and specific expansion compatibility need qualification.",Carrier B,"All40 physical contacts copy J5 same-number pin, including rails and GND. Pin26 copies ZERO's NC contact; it is not a GPIO. HAT removable. No connection to S3 I2C or AON5. Pin mux, current and specific expansion compatibility need qualification.",,
J34,1,S3 I2C,Connector:NS-Tech_Grove_1x04_P2mm_Vertical,1125S-4P,Shenzhen NS-Tech,,https://statics3.seeedstudio.com/images/opl/datasheet/3470130P1.pdf,Engineering only; hardware unqualified,,"Board-side Grove4P 2mm: SCL,SDA,3.3V,GND. Physical breakout only; not a new independent peripheral controller. Same S3_D4/D5 bus as S3 master, RP slave, UPS, IMU and OLED. RP and S3 have separate 3V3 regulator outputs; only the I2C signals and GND are common. Located in the left side interface column. Rating: 2A contact rating per vendor drawing; rail/module limit also applies",Carrier F,"Board-side Grove4P 2mm: SCL,SDA,3.3V,GND. Physical breakout only; not a new independent peripheral controller. Same S3_D4/D5 bus as S3 master, RP slave, UPS, IMU and OLED. RP and S3 have separate 3V3 regulator outputs; only the I2C signals and GND are common. Located in the left side interface column.",2A contact rating per vendor drawing; rail/module limit also applies,
J35,1,OLED / PARALLEL / SCREEN UP,box:SSW_104_01_G_S_OLED_Parallel,SSW-104-01-G-S,Samtec,,https://suddendocs.samtec.com/prints/ssw-1xx-xx-xxx-x-xx-xxx-xx-mkt.pdf,Engineering only; hardware unqualified,,"F-side straight female socket; OLED parallel to motherboard, screen up. VCC/GND/SCL/SDA preserved. Male pin length and module seating remain sample-qualified.",Carrier F,"F-side straight female socket; OLED parallel to motherboard, screen up. VCC/GND/SCL/SDA preserved. Male pin length and module seating remain sample-qualified.",,
J36,1,LD2450 / REAR RIGHT,Connector:NS-Tech_Grove_1x04_P2mm_Vertical,1125S-4P,Shenzhen NS-Tech,,https://statics3.seeedstudio.com/images/opl/datasheet/3470130P1.pdf,Engineering only; hardware unqualified,,"Remote REAR RIGHT HLK-LD2450 through a four-wire harness. Carrier Grove4P 2mm: 1=sensorTX,2=sensorRX,3=M2 switched5V,4=GND. Radar factory plug is not Grove: use matching sensor cable end and map by signal labels. 3.3V UART, default256000 8N1. No radar body mounted to motherboard. Exterior 3D-printed bracket is separate work; user requests upright, diagonally outward corner mounting. Located in the right side interface column. Rating: 2A contact rating per vendor drawing; rail/module limit also applies",Carrier F,"Remote REAR RIGHT HLK-LD2450 through a four-wire harness. Carrier Grove4P 2mm: 1=sensorTX,2=sensorRX,3=M2 switched5V,4=GND. Radar factory plug is not Grove: use matching sensor cable end and map by signal labels. 3.3V UART, default256000 8N1. No radar body mounted to motherboard. Exterior 3D-printed bracket is separate work; user requests upright, diagonally outward corner mounting. Located in the right side interface column.",2A contact rating per vendor drawing; rail/module limit also applies,
J37,1,ZERO I2C4,Connector:NS-Tech_Grove_1x04_P2mm_Vertical,1125S-4P,Shenzhen NS-Tech,,https://statics3.seeedstudio.com/images/opl/datasheet/3470130P1.pdf,Engineering only; hardware unqualified,,"Board-side Grove4P 2mm: SCL,SDA,3.3V,GND. Physical breakout only; not a new independent peripheral controller. ZERO I2C4 uses physical28 SCL /27 SDA; motherboard pullups are present on ZERO. Located in the left side interface column. Rating: 2A contact rating per vendor drawing; rail/module limit also applies",Carrier F,"Board-side Grove4P 2mm: SCL,SDA,3.3V,GND. Physical breakout only; not a new independent peripheral controller. ZERO I2C4 uses physical28 SCL /27 SDA; motherboard pullups are present on ZERO. Located in the left side interface column.",2A contact rating per vendor drawing; rail/module limit also applies,
J38,1,ZERO RP UART9,Connector:NS-Tech_Grove_1x04_P2mm_Vertical,1125S-4P,Shenzhen NS-Tech,,https://statics3.seeedstudio.com/images/opl/datasheet/3470130P1.pdf,Engineering only; hardware unqualified,,"Board-side Grove4P 2mm: MCU RX,MCU TX,3.3V,GND. Physical breakout only; not a new independent peripheral controller. Shared running UART. A receive-only monitor may observe TX. Release/disconnect the existing transmitter before attaching an active external TX; software silence is not high impedance. Located in the left side interface column. Rating: 2A contact rating per vendor drawing; rail/module limit also applies",Carrier F,"Board-side Grove4P 2mm: MCU RX,MCU TX,3.3V,GND. Physical breakout only; not a new independent peripheral controller. Shared running UART. A receive-only monitor may observe TX. Release/disconnect the existing transmitter before attaching an active external TX; software silence is not high impedance. Located in the left side interface column.",2A contact rating per vendor drawing; rail/module limit also applies,
J39,1,RP I2C SHARED,Connector:NS-Tech_Grove_1x04_P2mm_Vertical,1125S-4P,Shenzhen NS-Tech,,https://statics3.seeedstudio.com/images/opl/datasheet/3470130P1.pdf,Engineering only; hardware unqualified,,"Rear region Grove4P 2mm: SCL,SDA,3.3V,GND. Physical breakout only; not a new independent peripheral controller. Same S3_D4/D5 bus as S3 master, RP slave, UPS, IMU and OLED. RP and S3 have separate 3V3 regulator outputs; only the I2C signals and GND are common. Placed in the rear connector bank, clear of the airflow corridor. Rating: 2A contact rating per vendor drawing; rail/module limit also applies",Carrier F,"Rear region Grove4P 2mm: SCL,SDA,3.3V,GND. Physical breakout only; not a new independent peripheral controller. Same S3_D4/D5 bus as S3 master, RP slave, UPS, IMU and OLED. RP and S3 have separate 3V3 regulator outputs; only the I2C signals and GND are common. Placed in the rear connector bank, clear of the airflow corridor.",2A contact rating per vendor drawing; rail/module limit also applies,
J40,1,S3 UART A,Connector:NS-Tech_Grove_1x04_P2mm_Vertical,1125S-4P,Shenzhen NS-Tech,,https://statics3.seeedstudio.com/images/opl/datasheet/3470130P1.pdf,Engineering only; hardware unqualified,,"Board-side Grove4P 2mm: MCU RX,MCU TX,3.3V,GND. Physical breakout only; not a new independent peripheral controller. Shared running UART. A receive-only monitor may observe TX. Release/disconnect the existing transmitter before attaching an active external TX; software silence is not high impedance. Located in the right side interface column. Rating: 2A contact rating per vendor drawing; rail/module limit also applies",Carrier F,"Board-side Grove4P 2mm: MCU RX,MCU TX,3.3V,GND. Physical breakout only; not a new independent peripheral controller. Shared running UART. A receive-only monitor may observe TX. Release/disconnect the existing transmitter before attaching an active external TX; software silence is not high impedance. Located in the right side interface column.",2A contact rating per vendor drawing; rail/module limit also applies,
J41,1,RP UART1,Connector:NS-Tech_Grove_1x04_P2mm_Vertical,1125S-4P,Shenzhen NS-Tech,,https://statics3.seeedstudio.com/images/opl/datasheet/3470130P1.pdf,Engineering only; hardware unqualified,,"UART1 physical breakout: RX=RP D3 GPIO5, TX=RP D9 GPIO4. Shared with the rear-right LD2450. Existing active transmitters must be disconnected before connecting another transmitter. Located in the right side interface column. Rating: 2A contact rating per vendor drawing; rail/module limit also applies",Carrier F,"UART1 physical breakout: RX=RP D3 GPIO5, TX=RP D9 GPIO4. Shared with the rear-right LD2450. Existing active transmitters must be disconnected before connecting another transmitter. Located in the right side interface column.",2A contact rating per vendor drawing; rail/module limit also applies,
J42,1,UPS BAT OUT,Connector_JST:JST_XH_B2B-XH-A_1x02_P2.50mm_Vertical,B2B-XH-A(LF)(SN),JST,,https://www.jst-mfg.com/product/pdf/eng/eXH.pdf,Engineering only; hardware unqualified,,"JST XH 2.50mm PCB male header; short cable connection selected by user. Motherboard mate XHP-2 + SXH-001T-P0.6. Use the actual UPS supplied mating plug on the UPS end; vendor phrase XH2.54 is not the PCB pitch specification. Existing pin-to-net allocation retained; qualify cable polarity and total current. Placed in the rear connector bank, clear of the airflow corridor. Rating: 3 A AC/DC with AWG22 per JST XH; not a 5 A connector rating",Carrier F,"JST XH 2.50mm PCB male header; short cable connection selected by user. Motherboard mate XHP-2 + SXH-001T-P0.6. Use the actual UPS supplied mating plug on the UPS end; vendor phrase XH2.54 is not the PCB pitch specification. Existing pin-to-net allocation retained; qualify cable polarity and total current. Placed in the rear connector bank, clear of the airflow corridor.",3 A AC/DC with AWG22 per JST XH; not a 5 A connector rating,
J44,1,UPS SWITCH LOOP,Connector_JST:JST_XH_B2B-XH-A_1x02_P2.50mm_Vertical,B2B-XH-A(LF)(SN),JST,,https://www.jst-mfg.com/product/pdf/eng/eXH.pdf,Engineering only; hardware unqualified,,"JST XH 2.50mm PCB male header; short cable connection selected by user. Motherboard mate XHP-2 + SXH-001T-P0.6. Use the actual UPS supplied mating plug on the UPS end; vendor phrase XH2.54 is not the PCB pitch specification. Existing pin-to-net allocation retained; qualify cable polarity and total current. Placed in the rear connector bank, clear of the airflow corridor. Rating: 3 A AC/DC with AWG22 per JST XH; not a 5 A connector rating",Carrier F,"JST XH 2.50mm PCB male header; short cable connection selected by user. Motherboard mate XHP-2 + SXH-001T-P0.6. Use the actual UPS supplied mating plug on the UPS end; vendor phrase XH2.54 is not the PCB pitch specification. Existing pin-to-net allocation retained; qualify cable polarity and total current. Placed in the rear connector bank, clear of the airflow corridor.",3 A AC/DC with AWG22 per JST XH; not a 5 A connector rating,
J45,1,EXTERNAL DC DIRECT TO UPS,,,,,,Engineering only; hardware unqualified,,External DC extension connects directly to the existing UPS charging input. Not fitted or routed on the motherboard. J43 and TP14 removed. The existing UPS performs charging and voltage conversion. System reference; not a carrier placement. Check existing inventory before purchasing.,External / system reference,External DC extension connects directly to the existing UPS charging input. Not fitted or routed on the motherboard. J43 and TP14 removed. The existing UPS performs charging and voltage conversion.,,
J46,1,S3 D2 D3 / FRONT LEFT UART,Connector:NS-Tech_Grove_1x04_P2mm_Vertical,1125S-4P,Shenzhen NS-Tech,,https://statics3.seeedstudio.com/images/opl/datasheet/3470130P1.pdf,Engineering only; hardware unqualified,,"Pin1 S3_D2 GPIO3 is front-left UART TX through J28; pin2 S3_D3 GPIO4 is front-left UART RX. These are shared signals, not spare GPIO. GPIO3 is a strapping pin: external loads must preserve startup state. Located in rear connector bank. Rating: 2A contact rating per vendor drawing; rail/module limit also applies",Carrier F,"Pin1 S3_D2 GPIO3 is front-left UART TX through J28; pin2 S3_D3 GPIO4 is front-left UART RX. These are shared signals, not spare GPIO. GPIO3 is a strapping pin: external loads must preserve startup state. Located in rear connector bank.",2A contact rating per vendor drawing; rail/module limit also applies,
J47,1,RP D1 / ZERO RELAY,Connector:NS-Tech_Grove_1x04_P2mm_Vertical,1125S-4P,Shenzhen NS-Tech,,https://statics3.seeedstudio.com/images/opl/datasheet/3470130P1.pdf,Engineering only; hardware unqualified,,Pin1 now RP D1 host relay control; pin2 remains RP D10 spare access. Located in the right side interface column. Rating: 2A contact rating per vendor drawing; rail/module limit also applies,Carrier F,Pin1 now RP D1 host relay control; pin2 remains RP D10 spare access. Located in the right side interface column.,2A contact rating per vendor drawing; rail/module limit also applies,
J50,1,S3 EDGE GPIO D0-D10 / AUX NC,box:Harwin_M50-3601242_2x12_P1.27_SMT_CENTERED,M50-3601242,Harwin,,https://www.harwin.com/products/M50-3601242,Engineering only; hardware unqualified,,"Original D0-D10 edge GPIO only. Existing24-contact connector retained. Former extra GPIO contacts are NC; power/GND contacts retain numbering. Signals already used by onboard functions remain shared. Placed in the rear connector bank, clear of the airflow corridor.",Carrier F,"Original D0-D10 edge GPIO only. Existing24-contact connector retained. Former extra GPIO contacts are NC; power/GND contacts retain numbering. Signals already used by onboard functions remain shared. Placed in the rear connector bank, clear of the airflow corridor.",,
J51,1,PANEL START / MOMENTARY NO,Connector_JST:JST_XH_B2B-XH-A_1x02_P2.50mm_Vertical,B2B-XH-A(LF)(SN),JST,,https://www.jst-mfg.com/product/pdf/eng/eXH.pdf,Engineering only; hardware unqualified,,"JST XH 2.50mm PCB male header; short cable connection selected by user. Motherboard mate XHP-2 + SXH-001T-P0.6. Use the actual UPS supplied mating plug on the UPS end; vendor phrase XH2.54 is not the PCB pitch specification. Existing pin-to-net allocation retained; qualify cable polarity and total current. Panel START contact only, not a fifth UPS port. Momentary normally-open button parallels M16 COM/NO; carries startup current. Placed in the rear connector bank, clear of the airflow corridor. Rating: 3 A AC/DC with AWG22 per JST XH; not a 5 A connector rating",Carrier F,"JST XH 2.50mm PCB male header; short cable connection selected by user. Motherboard mate XHP-2 + SXH-001T-P0.6. Use the actual UPS supplied mating plug on the UPS end; vendor phrase XH2.54 is not the PCB pitch specification. Existing pin-to-net allocation retained; qualify cable polarity and total current. Panel START contact only, not a fifth UPS port. Momentary normally-open button parallels M16 COM/NO; carries startup current. Placed in the rear connector bank, clear of the airflow corridor.",3 A AC/DC with AWG22 per JST XH; not a 5 A connector rating,
J52,1,RP EDGE GPIO D0-D10 / AUX NC,box:Harwin_M50-3601242_2x12_P1.27_SMT_CENTERED,M50-3601242,Harwin,,https://www.harwin.com/products/M50-3601242,Engineering only; hardware unqualified,,"Original D0-D10 edge GPIO only. Existing24-contact connector retained. Former extra GPIO contacts are NC; power/GND contacts retain numbering. Signals already used by onboard functions remain shared. Placed in the rear connector bank, clear of the airflow corridor.",Carrier F,"Original D0-D10 edge GPIO only. Existing24-contact connector retained. Former extra GPIO contacts are NC; power/GND contacts retain numbering. Signals already used by onboard functions remain shared. Placed in the rear connector bank, clear of the airflow corridor.",,
J53,1,EYES 3V3 REFERENCE INPUT,Connector_JST:JST_PH_B2B-PH-K_1x02_P2.00mm_Vertical,B2B-PH-K-S,JST,,https://www.jst-mfg.com/product/pdf/eng/ePH.pdf,Engineering only; hardware unqualified,,Reference only; paired harness to eyes P2.5 and P2.6,Carrier F,Reference only; paired harness to eyes P2.5 and P2.6,,
JP1,1,COMMON CTRL 5V LINK / TWO SHUNTS,box:Dual_Power_Shunt_2x02,,,,,Engineering only; hardware unqualified,,Both output pads joined to +5V_LOGIC. Remove both links for service; unplug both XIAOs for USB programming.,Carrier F,Both output pads joined to +5V_LOGIC. Remove both links for service; unplug both XIAOs for USB programming.,,
M1,1,M1 / 5V RELAY / ZERO + HAT,box:ZXC0073_28p08x8p55_FLUSH_SMD_PENDING,,,,,Engineering only; hardware unqualified,,"Original complete 5V LOW-active relay. Module physical dimensions confirmed by user 2026-10-06; not agent-measured. Contact topology, capacitive inrush and enclosure temperature remain unmeasured. Rating: HFD4: contact data 1A/30VDC; UL/cUL 2A/30VDC at 40C; maximum switching 2A. Seller <4A/40W does not qualify module parallel contacts or capacitive inrush. Complete assembled module; custom carrier solder joints require sample validation.",Carrier F,"Original complete 5V LOW-active relay. Module physical dimensions confirmed by user 2026-10-06; not agent-measured. Contact topology, capacitive inrush and enclosure temperature remain unmeasured.",HFD4: contact data 1A/30VDC; UL/cUL 2A/30VDC at 40C; maximum switching 2A. Seller <4A/40W does not qualify module parallel contacts or capacitive inrush.,ZXC-0073-A / HFD4/3-S
M2,1,M2 / 5V RELAY / FOUR LD2450,box:ZXC0073_28p08x8p55_FLUSH_SMD_PENDING,,,,,Engineering only; hardware unqualified,,"Original complete 5V LOW-active relay. Module physical dimensions confirmed by user 2026-10-06; not agent-measured. Contact topology, capacitive inrush and enclosure temperature remain unmeasured. Rating: HFD4: contact data 1A/30VDC; UL/cUL 2A/30VDC at 40C; maximum switching 2A. Seller <4A/40W does not qualify module parallel contacts or capacitive inrush. Complete assembled module; custom carrier solder joints require sample validation.",Carrier F,"Original complete 5V LOW-active relay. Module physical dimensions confirmed by user 2026-10-06; not agent-measured. Contact topology, capacitive inrush and enclosure temperature remain unmeasured.",HFD4: contact data 1A/30VDC; UL/cUL 2A/30VDC at 40C; maximum switching 2A. Seller <4A/40W does not qualify module parallel contacts or capacitive inrush.,ZXC-0073-A / HFD4/3-S
M3,1,EXISTING 0.96in SSD1306 OLED / I2C,box:External_Module_Not_On_Carrier,15628-0.96,DORHEA,,,Engineering only; hardware unqualified,,"Retained DORHEA15628-0.96 OLED. Parallel above motherboard F side, screen up. Nominal seller outline27.178x27.94mm; VCC/GND/SCL/SDA mates J35 straight female socket. Sample pin length, seating and pullups remain unverified. System reference; not a carrier placement. Check existing inventory before purchasing.",External / system reference,"Retained DORHEA15628-0.96 OLED. Parallel above motherboard F side, screen up. Nominal seller outline27.178x27.94mm; VCC/GND/SCL/SDA mates J35 straight female socket. Sample pin length, seating and pullups remain unverified.",,
M4,1,NOCTUA NF-A4x10 5V PWM / FOUR-WIRE,box:External_Module_Not_On_Carrier,NF-A4x10 5V PWM,Noctua,,https://www.noctua.at/en/products/nf-a4x10-5v-pwm,Engineering only; hardware unqualified,,"User selected Amazon B07DXS86G7 on 2026-10-05:40x40x10mm,5V,4-pin PWM. Replaces the three-pin NF-A4x10 5V selection. Standard pins1GND/2power/3tach/4PWM. 25kHz target,21-28kHz accepted;3.3V high accepted;2 tach pulses/revolution,open collector. Fan powered with ZERO from M1. Full-enclosure fan geometry and firmware are outside this PCB revision. System reference; not a carrier placement. Check existing inventory before purchasing.",External / system reference,"User selected Amazon B07DXS86G7 on 2026-10-05:40x40x10mm,5V,4-pin PWM. Replaces the three-pin NF-A4x10 5V selection. Standard pins1GND/2power/3tach/4PWM. 25kHz target,21-28kHz accepted;3.3V high accepted;2 tach pulses/revolution,open collector. Fan powered with ZERO from M1. Full-enclosure fan geometry and firmware are outside this PCB revision.",,
M5,1,COMPLETE Waveshare Servo Driver HAT (B),box:External_Module_Not_On_Carrier,17035,Waveshare,,https://files.waveshare.com/upload/a/a2/Servo_Driver_HAT_Schematic_.pdf,Engineering only; hardware unqualified,,"Whole HAT directly on ZERO's full40 copy J33. HAT2/4 take HOST5,3/5 SDA/SCL,6/9GND. On published schematic onboard3V3 differs from P4 net3.3V; no regulator outputs joined. R17 intact; VIN unused. ZERO3 pins3/5 require qualified I2C software, not the old EYES UART3 configuration. System reference; not a carrier placement. Check existing inventory before purchasing.",External / system reference,"Whole HAT directly on ZERO's full40 copy J33. HAT2/4 take HOST5,3/5 SDA/SCL,6/9GND. On published schematic onboard3V3 differs from P4 net3.3V; no regulator outputs joined. R17 intact; VIN unused. ZERO3 pins3/5 require qualified I2C software, not the old EYES UART3 configuration.",,
M6,1,REMOTE HLK-LD2450 / FRONT LEFT,box:External_Module_Not_On_Carrier,HLK-LD2450,Hi-Link,,https://www.hlktech.com/Goods-352.html,Engineering only; hardware unqualified,,"User-selected Amazon B0CGNMCTRC, complete off-carrier radar. Manufacturer: DC5V, TTL3.3V UART,256000 default,10frames/s,120mA average, supply capability>200mA per module. Four radars share M2 power; nominal aggregate480mA; provision >800mA supply capability, not a measured maximum. Logical pins named by factory labels; mating plug order is not guessed. No carrier direct socket or radar body fixation; enclosure bracket deferred. System reference; not a carrier placement. Check existing inventory before purchasing.",External / system reference,"User-selected Amazon B0CGNMCTRC, complete off-carrier radar. Manufacturer: DC5V, TTL3.3V UART,256000 default,10frames/s,120mA average, supply capability>200mA per module. Four radars share M2 power; nominal aggregate480mA; provision >800mA supply capability, not a measured maximum. Logical pins named by factory labels; mating plug order is not guessed. No carrier direct socket or radar body fixation; enclosure bracket deferred.",,
M7,1,REMOTE HLK-LD2450 / FRONT RIGHT,box:External_Module_Not_On_Carrier,HLK-LD2450,Hi-Link,,https://www.hlktech.com/Goods-352.html,Engineering only; hardware unqualified,,"User-selected Amazon B0CGNMCTRC, complete off-carrier radar. Manufacturer: DC5V, TTL3.3V UART,256000 default,10frames/s,120mA average, supply capability>200mA per module. Four radars share M2 power; nominal aggregate480mA; provision >800mA supply capability, not a measured maximum. Logical pins named by factory labels; mating plug order is not guessed. No carrier direct socket or radar body fixation; enclosure bracket deferred. System reference; not a carrier placement. Check existing inventory before purchasing.",External / system reference,"User-selected Amazon B0CGNMCTRC, complete off-carrier radar. Manufacturer: DC5V, TTL3.3V UART,256000 default,10frames/s,120mA average, supply capability>200mA per module. Four radars share M2 power; nominal aggregate480mA; provision >800mA supply capability, not a measured maximum. Logical pins named by factory labels; mating plug order is not guessed. No carrier direct socket or radar body fixation; enclosure bracket deferred.",,
M8,1,REMOTE HLK-LD2450 / REAR LEFT,box:External_Module_Not_On_Carrier,HLK-LD2450,Hi-Link,,https://www.hlktech.com/Goods-352.html,Engineering only; hardware unqualified,,"User-selected Amazon B0CGNMCTRC, complete off-carrier radar. Manufacturer: DC5V, TTL3.3V UART,256000 default,10frames/s,120mA average, supply capability>200mA per module. Four radars share M2 power; nominal aggregate480mA; provision >800mA supply capability, not a measured maximum. Logical pins named by factory labels; mating plug order is not guessed. No carrier direct socket or radar body fixation; enclosure bracket deferred. System reference; not a carrier placement. Check existing inventory before purchasing.",External / system reference,"User-selected Amazon B0CGNMCTRC, complete off-carrier radar. Manufacturer: DC5V, TTL3.3V UART,256000 default,10frames/s,120mA average, supply capability>200mA per module. Four radars share M2 power; nominal aggregate480mA; provision >800mA supply capability, not a measured maximum. Logical pins named by factory labels; mating plug order is not guessed. No carrier direct socket or radar body fixation; enclosure bracket deferred.",,
M9,1,DFRobot SEN0628 / UART 115200,box:External_Module_Not_On_Carrier,SEN0628,DFRobot,,https://wiki.dfrobot.com/sen0628/,Engineering only; hardware unqualified,,"SEN0628 uses ZERO3V3 through M17. SensorJ1.3GND/.4VIN cross to carrierJ16.4/.3. UART crosses M22, with side2 powered from the same switched ToF rail. Nominal domain separation implemented; actual module fit and power-transition tests remain open. System reference; not a carrier placement. Check existing inventory before purchasing.",External / system reference,"SEN0628 uses ZERO3V3 through M17. SensorJ1.3GND/.4VIN cross to carrierJ16.4/.3. UART crosses M22, with side2 powered from the same switched ToF rail. Nominal domain separation implemented; actual module fit and power-transition tests remain open.",,
M10,1,COMPLETE Waveshare UPS Module 3S,box:External_Module_Not_On_Carrier,UPS Module 3S / 23884,Waveshare,,https://www.waveshare.com/wiki/UPS_Module_3S,Engineering only; hardware unqualified,,Whole existing UPS. Pin-function mapping from manufacturer schematic and physical-photo cross-reference. INA2190x41. Header3V3 and5V unused in status harness; power taken via P4. Mechanical mating harness not yet qualified. Charging input connects directly to external DC cable J45; no charging-current path via the motherboard. System reference; not a carrier placement. Check existing inventory before purchasing.,External / system reference,Whole existing UPS. Pin-function mapping from manufacturer schematic and physical-photo cross-reference. INA2190x41. Header3V3 and5V unused in status harness; power taken via P4. Mechanical mating harness not yet qualified. Charging input connects directly to external DC cable J45; no charging-current path via the motherboard.,,
M11,1,EXISTING ReSpeaker XIAO USB endpoint,box:External_Module_Not_On_Carrier,,,,,Engineering only; hardware unqualified,,Existing module endpoint connected by USB cable only; no new PCB part. VBUS power-domain/adapter and physical cable path not yet qualified. System reference; not a carrier placement. Check existing inventory before purchasing.,External / system reference,Existing module endpoint connected by USB cable only; no new PCB part. VBUS power-domain/adapter and physical cable path not yet qualified.,,
M12,1,EXISTING ZERO USB HOST endpoint,box:External_Module_Not_On_Carrier,,,,,Engineering only; hardware unqualified,,Existing module endpoint connected by USB cable only; no new PCB part. VBUS power-domain/adapter and physical cable path not yet qualified. System reference; not a carrier placement. Check existing inventory before purchasing.,External / system reference,Existing module endpoint connected by USB cable only; no new PCB part. VBUS power-domain/adapter and physical cable path not yet qualified.,,
M13,1,EXISTING WAVESHARE DUAL EYES / LCD1 P2,box:External_Module_Not_On_Carrier,ESP32-S3-DualEye-Touch-LCD-1.28,Waveshare,,https://www.waveshare.com/wiki/ESP32-S3-DualEye-Touch-LCD-1.28,Engineering only; hardware unqualified,,"EYES is powered from AON5V while the whole device is on. P2.1=5V, P2.2=GND, P2.9=RX, P2.10=TX. UART crosses M21; J53 brings actual EYES P2.5 3V3 and P2.6 GND to its local side. No independent USB or battery supply during normal assembly. System reference; not a carrier placement. Check existing inventory before purchasing.",External / system reference,"EYES is powered from AON5V while the whole device is on. P2.1=5V, P2.2=GND, P2.9=RX, P2.10=TX. UART crosses M21; J53 brings actual EYES P2.5 3V3 and P2.6 GND to its local side. No independent USB or battery supply during normal assembly.",,
M14,1,EXISTING GROVE LSM6DS3 / J4,box:External_Module_Not_On_Carrier,,Seeed Studio,,https://wiki.seeedstudio.com/Grove-6-Axis_AccelerometerAndGyroscope/,Engineering only; hardware unqualified,,"Official Eagle v1.0 verifies J4 pins, BSS138 interface and 10k VCC pullups. Existing whole module retained. System reference; not a carrier placement. Check existing inventory before purchasing.",External / system reference,"Official Eagle v1.0 verifies J4 pins, BSS138 interface and 10k VCC pullups. Existing whole module retained.",,
M15,1,SPARKFUN BOB-12009 / 4CH BSS138,box:SparkFun_BOB12009_Module_SolderLands,BOB-12009,SparkFun,,https://github.com/sparkfun/Logic_Level_Bidirectional,Engineering only; hardware unqualified,,BOB-12009 official EAGLE: 12 hole centers/net order match. Physical module dimensions confirmed by user 2026-10-06; custom solder-joint process not independently qualified. Complete assembled module; custom carrier solder joints require sample validation.,Carrier F,BOB-12009 official EAGLE: 12 hole centers/net order match. Physical module dimensions confirmed by user 2026-10-06; custom solder-joint process not independently qualified.,,
M16,1,M16 / MAIN HOLD / LOAD QUALIFY,box:ZXC0073_28p08x8p55_FLUSH_SMD_PENDING,,,,,Engineering only; hardware unqualified,,"Original complete 5V LOW-active relay. Module physical dimensions confirmed by user 2026-10-06; not agent-measured. Contact topology, capacitive inrush and enclosure temperature remain unmeasured. Rating: HFD4: contact data 1A/30VDC; UL/cUL 2A/30VDC at 40C; maximum switching 2A. Seller <4A/40W does not qualify module parallel contacts or capacitive inrush. Complete assembled module; custom carrier solder joints require sample validation.",Carrier F,"Original complete 5V LOW-active relay. Module physical dimensions confirmed by user 2026-10-06; not agent-measured. Contact topology, capacitive inrush and enclosure temperature remain unmeasured.",HFD4: contact data 1A/30VDC; UL/cUL 2A/30VDC at 40C; maximum switching 2A. Seller <4A/40W does not qualify module parallel contacts or capacitive inrush.,ZXC-0073-A / HFD4/3-S
M17,1,M17 / 5V RELAY / SEN0628 TOF,box:ZXC0073_28p08x8p55_FLUSH_SMD_PENDING,,,,,Engineering only; hardware unqualified,,"Original complete 5V LOW-active relay. Module physical dimensions confirmed by user 2026-10-06; not agent-measured. Contact topology, capacitive inrush and enclosure temperature remain unmeasured. Rating: HFD4: contact data 1A/30VDC; UL/cUL 2A/30VDC at 40C; maximum switching 2A. Seller <4A/40W does not qualify module parallel contacts or capacitive inrush. Complete assembled module; custom carrier solder joints require sample validation.",Carrier F,"Original complete 5V LOW-active relay. Module physical dimensions confirmed by user 2026-10-06; not agent-measured. Contact topology, capacitive inrush and enclosure temperature remain unmeasured.",HFD4: contact data 1A/30VDC; UL/cUL 2A/30VDC at 40C; maximum switching 2A. Seller <4A/40W does not qualify module parallel contacts or capacitive inrush.,ZXC-0073-A / HFD4/3-S
M19,1,REMOTE HLK-LD2450 / REAR RIGHT,box:External_Module_Not_On_Carrier,HLK-LD2450,Hi-Link,,https://www.hlktech.com/Goods-352.html,Engineering only; hardware unqualified,,"User-selected Amazon B0CGNMCTRC, complete off-carrier radar. Manufacturer: DC5V, TTL3.3V UART,256000 default,10frames/s,120mA average, supply capability>200mA per module. Four radars share M2 power; nominal aggregate480mA; provision >800mA supply capability, not a measured maximum. Logical pins named by factory labels; mating plug order is not guessed. No carrier direct socket or radar body fixation; enclosure bracket deferred. System reference; not a carrier placement. Check existing inventory before purchasing.",External / system reference,"User-selected Amazon B0CGNMCTRC, complete off-carrier radar. Manufacturer: DC5V, TTL3.3V UART,256000 default,10frames/s,120mA average, supply capability>200mA per module. Four radars share M2 power; nominal aggregate480mA; provision >800mA supply capability, not a measured maximum. Logical pins named by factory labels; mating plug order is not guessed. No carrier direct socket or radar body fixation; enclosure bracket deferred.",,
M20,1,ZERO RP UART9 / ADUM1201,box:LA161062_ADuM1201_REAR_LANDS,LA161062,LaskaKit,,https://www.laskakit.cz/en/digitalni-izolator-adum1201-2kanaly-uart--io/,Engineering only; hardware unqualified,,ADuM1201 ARZ 1Mbps; supplier terminal order. Physical dimensions confirmed by user 2026-10-06. Electrical power transitions remain unmeasured. Complete assembled module; custom carrier solder joints require sample validation.,Carrier B,ADuM1201 ARZ 1Mbps; supplier terminal order. Physical dimensions confirmed by user 2026-10-06. Electrical power transitions remain unmeasured.,,
M21,1,ZERO EYES UART5 / ADUM1201,box:LA161062_ADuM1201_REAR_LANDS,LA161062,LaskaKit,,https://www.laskakit.cz/en/digitalni-izolator-adum1201-2kanaly-uart--io/,Engineering only; hardware unqualified,,ADuM1201 ARZ 1Mbps; supplier terminal order. Physical dimensions confirmed by user 2026-10-06. Electrical power transitions remain unmeasured. Complete assembled module; custom carrier solder joints require sample validation.,Carrier B,ADuM1201 ARZ 1Mbps; supplier terminal order. Physical dimensions confirmed by user 2026-10-06. Electrical power transitions remain unmeasured.,,
M22,1,ZERO TOF UART4 / ADUM1201,box:LA161062_ADuM1201_REAR_LANDS,LA161062,LaskaKit,,https://www.laskakit.cz/en/digitalni-izolator-adum1201-2kanaly-uart--io/,Engineering only; hardware unqualified,,ADuM1201 ARZ 1Mbps; supplier terminal order. Physical dimensions confirmed by user 2026-10-06. Electrical power transitions remain unmeasured. Complete assembled module; custom carrier solder joints require sample validation.,Carrier B,ADuM1201 ARZ 1Mbps; supplier terminal order. Physical dimensions confirmed by user 2026-10-06. Electrical power transitions remain unmeasured.,,
M42,1,FAN PWM / POLOLU 2990,box:Pololu_2990_REAR_LANDS,2990,Pololu,,https://www.pololu.com/product/2990,Engineering only; hardware unqualified,,Pololu 2990 official geometry; physical dimensions confirmed by user 2026-10-06. PHASE inversion implemented; electrical transitions remain unmeasured. Complete assembled module; custom carrier solder joints require sample validation.,Carrier B,Pololu 2990 official geometry; physical dimensions confirmed by user 2026-10-06. PHASE inversion implemented; electrical transitions remain unmeasured.,,
SW1,1,22mm MOMENTARY NO / PANEL START,box:External_Module_Not_On_Carrier,,22mm snap-in momentary NO panel switch; exact manufacturer/MPN pending,,,Engineering only; hardware unqualified,,"User confirmed momentary normally-open, hold-to-start, software-off, startup-only operation on 2026-10-05. External panel momentary normally-open START contact pair, wired to J51. Hold until controller energizes M16, then release. A maintained contact left closed prevents software total-power cutoff. Button starts power; pressing it while M16 is holding does not request shutdown. Image gives22mm mounting diameter and16A250VAC; exact DC/inrush rating, terminal assignment, body depth and indicator voltage are unqualified. Indicator is not connected in this design. No PCB-mounted switch body. System reference; not a carrier placement. Check existing inventory before purchasing.",External / system reference,"User confirmed momentary normally-open, hold-to-start, software-off, startup-only operation on 2026-10-05. External panel momentary normally-open START contact pair, wired to J51. Hold until controller energizes M16, then release. A maintained contact left closed prevents software total-power cutoff. Button starts power; pressing it while M16 is holding does not request shutdown. Image gives22mm mounting diameter and16A250VAC; exact DC/inrush rating, terminal assignment, body depth and indicator voltage are unqualified. Indicator is not connected in this design. No PCB-mounted switch body.",,
