Ref,Val,Package,PosX,PosY,Rot,Side
"J33","ZERO GPIO COPY / FULL40 1:1","HAT_P4_M20_9982046_2x20",86.170000,-94.044083,180.000000,bottom
"M20","ZERO RP UART9 / ADUM1201","LA161062_ADuM1201_REAR_LANDS",73.500000,-66.000000,90.000000,bottom
"M21","ZERO EYES UART5 / ADUM1201","LA161062_ADuM1201_REAR_LANDS",73.500000,-91.000000,90.000000,bottom
"M22","ZERO TOF UART4 / ADUM1201","LA161062_ADuM1201_REAR_LANDS",73.500000,-116.000000,90.000000,bottom
"M42","FAN PWM / POLOLU 2990","Pololu_2990_REAR_LANDS",73.500000,-135.500000,90.000000,bottom
"J1","UPS REGULATED 5V","JST_XH_B2B-XH-A_1x02_P2.50mm_Vertical",115.799984,-139.425000,0.000000,top
"J2","ZERO FAN / NOCTUA 5V PWM / 4P","FanPinHeader_1x04_P2.54mm_Vertical",54.500000,-124.689999,-90.000000,top
"J3","UPS I2C STATUS","NS-Tech_Grove_1x04_P2mm_Vertical_J3_SilkClearance",149.399995,-67.700000,180.000000,top
"J5","Radxa ZERO 3W SOCKET","Zero_socket40_PROVISIONAL",61.050000,-94.044083,0.000000,top
"J7","S3 / Seeed XIAO SOCKET14","Seeed_XIAO_14pin_Socket",111.400000,-101.100000,0.000000,top
"J10","RP / Seeed XIAO SOCKET14","Seeed_XIAO_14pin_Socket",135.650000,-101.100000,0.000000,top
"J12","LD2450 / FRONT LEFT","NS-Tech_Grove_1x04_P2mm_Vertical",54.600000,-63.000002,0.000000,top
"J13","LD2450 / FRONT RIGHT","NS-Tech_Grove_1x04_P2mm_Vertical",149.399998,-80.700002,180.000000,top
"J14","LD2450 / REAR LEFT","NS-Tech_Grove_1x04_P2mm_Vertical",54.599992,-112.999998,0.000000,top
"J15","EYES","NS-Tech_Grove_1x04_P2mm_Vertical",104.599997,-61.700002,0.000000,top
"J16","SEN0628 / UART4","NS-Tech_Grove_1x04_P2mm_Vertical",104.600001,-73.000001,0.000000,top
"J17","IMU","NS-Tech_Grove_1x04_P2mm_Vertical",124.499976,-55.600000,90.000000,top
"J19","FRONT BUTTON","NS-Tech_Grove_1x04_P2mm_Vertical",113.199976,-55.599997,90.000000,top
"J28","MUX / FRONT PAIR TX GATE","UART_MUX_SOCKET_16_USER_PINOUT",111.400000,-120.500000,90.000000,top
"J29","MUX / REAR PAIR TX GATE","UART_MUX_SOCKET_16_USER_PINOUT",135.650000,-120.500000,90.000000,top
"J34","S3 I2C","NS-Tech_Grove_1x04_P2mm_Vertical",54.600005,-100.500000,0.000000,top
"J35","OLED / PARALLEL / SCREEN UP","SSW_104_01_G_S_OLED_Parallel",111.780000,-74.000000,90.000000,top
"J36","LD2450 / REAR RIGHT","NS-Tech_Grove_1x04_P2mm_Vertical",149.399992,-132.699998,180.000000,top
"J37","ZERO I2C4","NS-Tech_Grove_1x04_P2mm_Vertical",54.599999,-75.500000,0.000000,top
"J38","ZERO RP UART9","NS-Tech_Grove_1x04_P2mm_Vertical",54.600006,-88.000002,0.000000,top
"J39","RP I2C SHARED","NS-Tech_Grove_1x04_P2mm_Vertical",132.699996,-132.100000,90.000000,top
"J40","S3 UART A","NS-Tech_Grove_1x04_P2mm_Vertical",149.399998,-93.699999,180.000000,top
"J41","RP UART1","NS-Tech_Grove_1x04_P2mm_Vertical",149.400000,-106.700000,180.000000,top
"J42","UPS BAT OUT","JST_XH_B2B-XH-A_1x02_P2.50mm_Vertical",125.399978,-139.424997,0.000000,top
"J44","UPS SWITCH LOOP","JST_XH_B2B-XH-A_1x02_P2.50mm_Vertical",134.999978,-139.424996,0.000000,top
"J46","S3 D2 D3 / FRONT LEFT UART","NS-Tech_Grove_1x04_P2mm_Vertical",118.279996,-132.100006,90.000000,top
"J47","RP D1 / ZERO RELAY","NS-Tech_Grove_1x04_P2mm_Vertical",149.400006,-119.700004,180.000000,top
"J50","S3 EDGE GPIO D0-D10 / AUX NC","Harwin_M50-3601242_2x12_P1.27_SMT_CENTERED",91.119997,-132.450000,90.000000,top
"J51","PANEL START / MOMENTARY NO","JST_XH_B2B-XH-A_1x02_P2.50mm_Vertical",106.199981,-139.424997,0.000000,top
"J52","RP EDGE GPIO D0-D10 / AUX NC","Harwin_M50-3601242_2x12_P1.27_SMT_CENTERED",107.460000,-132.449999,90.000000,top
"J53","EYES 3V3 REFERENCE INPUT","JST_PH_B2B-PH-K_1x02_P2.00mm_Vertical",93.500000,-60.800000,0.000000,top
"JP1","COMMON CTRL 5V LINK / TWO SHUNTS","Dual_Power_Shunt_2x02",64.000001,-132.000000,0.000000,top
"M1","M1 / 5V RELAY / ZERO + HAT","ZXC0073_28p08x8p55_FLUSH_SMD_PENDING",111.400000,-96.900000,90.000000,top
"M2","M2 / 5V RELAY / FOUR LD2450","ZXC0073_28p08x8p55_FLUSH_SMD_PENDING",135.650000,-96.900000,90.000000,top
"M15","SPARKFUN BOB-12009 / 4CH BSS138","SparkFun_BOB12009_Module_SolderLands",75.849980,-58.500000,180.000000,top
"M16","M16 / MAIN HOLD / LOAD QUALIFY","ZXC0073_28p08x8p55_FLUSH_SMD_PENDING",129.500000,-66.099999,0.000000,top
"M17","M17 / 5V RELAY / SEN0628 TOF","ZXC0073_28p08x8p55_FLUSH_SMD_PENDING",129.500000,-76.650000,0.000000,top
