Reference,Qty,Value,Footprint,MPN,Manufacturer,Chosen_Distributor,Datasheet,Validated,DNP,Notes
J1,1,UPS REGULATED 5V,JST_XH_B2B-XH-A_1x02_P2.50mm_Vertical,B2B-XH-A(LF)(SN),JST,,https://www.jst-mfg.com/product/pdf/eng/eXH.pdf,,,
J2,1,ZERO FAN / NOCTUA 5V PWM / 4P,FanPinHeader_1x04_P2.54mm_Vertical,47053-1000,Molex,,https://cdn.noctua.at/media/Noctua_PWM_specifications_white_paper.pdf,,,
J3,1,UPS I2C STATUS,NS-Tech_Grove_1x04_P2mm_Vertical_J3_SilkClearance,1125S-4P,Shenzhen NS-Tech,,https://statics3.seeedstudio.com/images/opl/datasheet/3470130P1.pdf,,,
J5,1,Radxa ZERO 3W SOCKET,Zero_socket40_PROVISIONAL,,,,,,,
J7,1,S3 / Seeed XIAO SOCKET14,Seeed_XIAO_14pin_Socket,,Seeed Studio,,,,,
J10,1,RP / Seeed XIAO SOCKET14,Seeed_XIAO_14pin_Socket,,Seeed Studio,,,,,
J12,1,LD2450 / FRONT LEFT,NS-Tech_Grove_1x04_P2mm_Vertical,1125S-4P,Shenzhen NS-Tech,,https://statics3.seeedstudio.com/images/opl/datasheet/3470130P1.pdf,,,
J13,1,LD2450 / FRONT RIGHT,NS-Tech_Grove_1x04_P2mm_Vertical,1125S-4P,Shenzhen NS-Tech,,https://statics3.seeedstudio.com/images/opl/datasheet/3470130P1.pdf,,,
J14,1,LD2450 / REAR LEFT,NS-Tech_Grove_1x04_P2mm_Vertical,1125S-4P,Shenzhen NS-Tech,,https://statics3.seeedstudio.com/images/opl/datasheet/3470130P1.pdf,,,
J15,1,EYES,NS-Tech_Grove_1x04_P2mm_Vertical,1125S-4P,Shenzhen NS-Tech,,https://statics3.seeedstudio.com/images/opl/datasheet/3470130P1.pdf,,,
J16,1,SEN0628 / UART4,NS-Tech_Grove_1x04_P2mm_Vertical,1125S-4P,Shenzhen NS-Tech,,https://statics3.seeedstudio.com/images/opl/datasheet/3470130P1.pdf,,,
J17,1,IMU,NS-Tech_Grove_1x04_P2mm_Vertical,1125S-4P,Shenzhen NS-Tech,,https://statics3.seeedstudio.com/images/opl/datasheet/3470130P1.pdf,,,
J19,1,FRONT BUTTON,NS-Tech_Grove_1x04_P2mm_Vertical,1125S-4P,Shenzhen NS-Tech,,https://statics3.seeedstudio.com/images/opl/datasheet/3470130P1.pdf,,,
J28,1,MUX / FRONT PAIR TX GATE,UART_MUX_SOCKET_16_USER_PINOUT,Taobao-1011201977739,User-selected TTL multiplexer module,,,,,
J29,1,MUX / REAR PAIR TX GATE,UART_MUX_SOCKET_16_USER_PINOUT,Taobao-1011201977739,User-selected TTL multiplexer module,,,,,
J33,1,ZERO GPIO COPY / FULL40 1:1,HAT_P4_M20_9982046_2x20,M20-9982046,Harwin,,https://content.harwin.com/asset/1590d228-db5c-4836-ab0c-0f146730b624/DRG-00478-Technical-Drawing-Datasheet-M20-998-pdf.pdf,,,
J34,1,S3 I2C,NS-Tech_Grove_1x04_P2mm_Vertical,1125S-4P,Shenzhen NS-Tech,,https://statics3.seeedstudio.com/images/opl/datasheet/3470130P1.pdf,,,
J35,1,OLED / PARALLEL / SCREEN UP,SSW_104_01_G_S_OLED_Parallel,SSW-104-01-G-S,Samtec,,https://suddendocs.samtec.com/prints/ssw-1xx-xx-xxx-x-xx-xxx-xx-mkt.pdf,,,
J36,1,LD2450 / REAR RIGHT,NS-Tech_Grove_1x04_P2mm_Vertical,1125S-4P,Shenzhen NS-Tech,,https://statics3.seeedstudio.com/images/opl/datasheet/3470130P1.pdf,,,
J37,1,ZERO I2C4,NS-Tech_Grove_1x04_P2mm_Vertical,1125S-4P,Shenzhen NS-Tech,,https://statics3.seeedstudio.com/images/opl/datasheet/3470130P1.pdf,,,
J38,1,ZERO RP UART9,NS-Tech_Grove_1x04_P2mm_Vertical,1125S-4P,Shenzhen NS-Tech,,https://statics3.seeedstudio.com/images/opl/datasheet/3470130P1.pdf,,,
J39,1,RP I2C SHARED,NS-Tech_Grove_1x04_P2mm_Vertical,1125S-4P,Shenzhen NS-Tech,,https://statics3.seeedstudio.com/images/opl/datasheet/3470130P1.pdf,,,
J40,1,S3 UART A,NS-Tech_Grove_1x04_P2mm_Vertical,1125S-4P,Shenzhen NS-Tech,,https://statics3.seeedstudio.com/images/opl/datasheet/3470130P1.pdf,,,
J41,1,RP UART1,NS-Tech_Grove_1x04_P2mm_Vertical,1125S-4P,Shenzhen NS-Tech,,https://statics3.seeedstudio.com/images/opl/datasheet/3470130P1.pdf,,,
J42,1,UPS BAT OUT,JST_XH_B2B-XH-A_1x02_P2.50mm_Vertical,B2B-XH-A(LF)(SN),JST,,https://www.jst-mfg.com/product/pdf/eng/eXH.pdf,,,
J44,1,UPS SWITCH LOOP,JST_XH_B2B-XH-A_1x02_P2.50mm_Vertical,B2B-XH-A(LF)(SN),JST,,https://www.jst-mfg.com/product/pdf/eng/eXH.pdf,,,
J45,1,EXTERNAL DC DIRECT TO UPS,,,,,,,,
J46,1,S3 D2 D3 / FRONT LEFT UART,NS-Tech_Grove_1x04_P2mm_Vertical,1125S-4P,Shenzhen NS-Tech,,https://statics3.seeedstudio.com/images/opl/datasheet/3470130P1.pdf,,,
J47,1,RP D1 / ZERO RELAY,NS-Tech_Grove_1x04_P2mm_Vertical,1125S-4P,Shenzhen NS-Tech,,https://statics3.seeedstudio.com/images/opl/datasheet/3470130P1.pdf,,,
J50,1,S3 EDGE GPIO D0-D10 / AUX NC,Harwin_M50-3601242_2x12_P1.27_SMT_CENTERED,M50-3601242,Harwin,,https://www.harwin.com/products/M50-3601242,,,
J51,1,PANEL START / MOMENTARY NO,JST_XH_B2B-XH-A_1x02_P2.50mm_Vertical,B2B-XH-A(LF)(SN),JST,,https://www.jst-mfg.com/product/pdf/eng/eXH.pdf,,,
J52,1,RP EDGE GPIO D0-D10 / AUX NC,Harwin_M50-3601242_2x12_P1.27_SMT_CENTERED,M50-3601242,Harwin,,https://www.harwin.com/products/M50-3601242,,,
J53,1,EYES 3V3 REFERENCE INPUT,JST_PH_B2B-PH-K_1x02_P2.00mm_Vertical,B2B-PH-K-S,JST,,https://www.jst-mfg.com/product/pdf/eng/ePH.pdf,,,
JP1,1,COMMON CTRL 5V LINK / TWO SHUNTS,Dual_Power_Shunt_2x02,,,,,,,
M1,1,M1 / 5V RELAY / ZERO + HAT,ZXC0073_28p08x8p55_FLUSH_SMD_PENDING,,,,,,,
M2,1,M2 / 5V RELAY / FOUR LD2450,ZXC0073_28p08x8p55_FLUSH_SMD_PENDING,,,,,,,
M3,1,EXISTING 0.96in SSD1306 OLED / I2C,External_Module_Not_On_Carrier,15628-0.96,DORHEA,,,,,
M4,1,NOCTUA NF-A4x10 5V PWM / FOUR-WIRE,External_Module_Not_On_Carrier,NF-A4x10 5V PWM,Noctua,,https://www.noctua.at/en/products/nf-a4x10-5v-pwm,,,
M5,1,COMPLETE Waveshare Servo Driver HAT (B),External_Module_Not_On_Carrier,17035,Waveshare,,https://files.waveshare.com/upload/a/a2/Servo_Driver_HAT_Schematic_.pdf,,,
M6,1,REMOTE HLK-LD2450 / FRONT LEFT,External_Module_Not_On_Carrier,HLK-LD2450,Hi-Link,,https://www.hlktech.com/Goods-352.html,,,
M7,1,REMOTE HLK-LD2450 / FRONT RIGHT,External_Module_Not_On_Carrier,HLK-LD2450,Hi-Link,,https://www.hlktech.com/Goods-352.html,,,
M8,1,REMOTE HLK-LD2450 / REAR LEFT,External_Module_Not_On_Carrier,HLK-LD2450,Hi-Link,,https://www.hlktech.com/Goods-352.html,,,
M9,1,DFRobot SEN0628 / UART 115200,External_Module_Not_On_Carrier,SEN0628,DFRobot,,https://wiki.dfrobot.com/sen0628/,,,
M10,1,COMPLETE Waveshare UPS Module 3S,External_Module_Not_On_Carrier,UPS Module 3S / 23884,Waveshare,,https://www.waveshare.com/wiki/UPS_Module_3S,,,
M11,1,EXISTING ReSpeaker XIAO USB endpoint,External_Module_Not_On_Carrier,,,,,,,
M12,1,EXISTING ZERO USB HOST endpoint,External_Module_Not_On_Carrier,,,,,,,
M13,1,EXISTING WAVESHARE DUAL EYES / LCD1 P2,External_Module_Not_On_Carrier,ESP32-S3-DualEye-Touch-LCD-1.28,Waveshare,,https://www.waveshare.com/wiki/ESP32-S3-DualEye-Touch-LCD-1.28,,,
M14,1,EXISTING GROVE LSM6DS3 / J4,External_Module_Not_On_Carrier,,Seeed Studio,,https://wiki.seeedstudio.com/Grove-6-Axis_AccelerometerAndGyroscope/,,,
M15,1,SPARKFUN BOB-12009 / 4CH BSS138,SparkFun_BOB12009_Module_SolderLands,BOB-12009,SparkFun,,https://github.com/sparkfun/Logic_Level_Bidirectional,,,
M16,1,M16 / MAIN HOLD / LOAD QUALIFY,ZXC0073_28p08x8p55_FLUSH_SMD_PENDING,,,,,,,
M17,1,M17 / 5V RELAY / SEN0628 TOF,ZXC0073_28p08x8p55_FLUSH_SMD_PENDING,,,,,,,
M19,1,REMOTE HLK-LD2450 / REAR RIGHT,External_Module_Not_On_Carrier,HLK-LD2450,Hi-Link,,https://www.hlktech.com/Goods-352.html,,,
M20,1,ZERO RP UART9 / ADUM1201,LA161062_ADuM1201_REAR_LANDS,LA161062,LaskaKit,,https://www.laskakit.cz/en/digitalni-izolator-adum1201-2kanaly-uart--io/,,,
M21,1,ZERO EYES UART5 / ADUM1201,LA161062_ADuM1201_REAR_LANDS,LA161062,LaskaKit,,https://www.laskakit.cz/en/digitalni-izolator-adum1201-2kanaly-uart--io/,,,
M22,1,ZERO TOF UART4 / ADUM1201,LA161062_ADuM1201_REAR_LANDS,LA161062,LaskaKit,,https://www.laskakit.cz/en/digitalni-izolator-adum1201-2kanaly-uart--io/,,,
M42,1,FAN PWM / POLOLU 2990,Pololu_2990_REAR_LANDS,2990,Pololu,,https://www.pololu.com/product/2990,,,
SW1,1,22mm MOMENTARY NO / PANEL START,External_Module_Not_On_Carrier,,22mm snap-in momentary NO panel switch; exact manufacturer/MPN pending,,,,,
